"Tabela 6407 - População residente, por sexo e grupos de idade"
"Variável - População (Mil pessoas)"
"Grande Região, Unidade da Federação, Município e Região Metropolitana até 2020";"Grupo de idade";"Ano x Sexo"
"Grande Região, Unidade da Federação, Município e Região Metropolitana até 2020";"Grupo de idade";"2024";;"2025"
"Grande Região, Unidade da Federação, Município e Região Metropolitana até 2020";"Grupo de idade";"Homens";"Mulheres";"Homens";"Mulheres"
"Norte";"0 a 4 anos";"739";"673";"720";"682"
"Norte";"5 a 13 anos";"1381";"1300";"1397";"1376"
"Norte";"5 a 9 anos";"769";"709";"768";"785"
"Norte";"10 a 13 anos";"611";"591";"628";"592"
"Norte";"14 a 17 anos";"671";"624";"630";"594"
"Norte";"14 a 15 anos";"337";"296";"304";"306"
"Norte";"16 a 17 anos";"334";"328";"325";"289"
"Norte";"18 a 19 anos";"301";"319";"327";"328"
"Norte";"20 a 24 anos";"806";"824";"806";"796"
"Norte";"25 a 29 anos";"750";"767";"743";"757"
"Norte";"30 a 39 anos";"1414";"1429";"1343";"1460"
"Norte";"40 a 49 anos";"1236";"1245";"1261";"1325"
"Norte";"50 a 59 anos";"877";"910";"892";"916"
"Norte";"60 anos ou mais";"944";"1094";"990";"1088"
"Norte";"60 a 64 anos";"309";"368";"339";"334"
"Norte";"65 anos ou mais";"635";"725";"652";"754"
"Nordeste";"0 a 4 anos";"1833";"1788";"1822";"1671"
"Nordeste";"5 a 13 anos";"3788";"3628";"3799";"3628"
"Nordeste";"5 a 9 anos";"2092";"1996";"2081";"1988"
"Nordeste";"10 a 13 anos";"1697";"1631";"1718";"1640"
"Nordeste";"14 a 17 anos";"1776";"1712";"1778";"1657"
"Nordeste";"14 a 15 anos";"899";"805";"855";"806"
"Nordeste";"16 a 17 anos";"877";"907";"924";"852"
"Nordeste";"18 a 19 anos";"878";"836";"846";"886"
"Nordeste";"20 a 24 anos";"2201";"2250";"2149";"2125"
"Nordeste";"25 a 29 anos";"2151";"2212";"2043";"2193"
"Nordeste";"30 a 39 anos";"4199";"4474";"4090";"4492"
"Nordeste";"40 a 49 anos";"3868";"4319";"4036";"4381"
"Nordeste";"50 a 59 anos";"2966";"3470";"3016";"3443"
"Nordeste";"60 anos ou mais";"3781";"4808";"3967";"5048"
"Nordeste";"60 a 64 anos";"1231";"1448";"1232";"1451"
"Nordeste";"65 anos ou mais";"2549";"3361";"2735";"3597"
"Sudeste";"0 a 4 anos";"2568";"2398";"2441";"2366"
"Sudeste";"5 a 13 anos";"5186";"4840";"5086";"4856"
"Sudeste";"5 a 9 anos";"2846";"2661";"2772";"2641"
"Sudeste";"10 a 13 anos";"2340";"2179";"2314";"2215"
"Sudeste";"14 a 17 anos";"2384";"2252";"2321";"2181"
"Sudeste";"14 a 15 anos";"1178";"1172";"1182";"1054"
"Sudeste";"16 a 17 anos";"1206";"1080";"1139";"1127"
"Sudeste";"18 a 19 anos";"1169";"1073";"1157";"1083"
"Sudeste";"20 a 24 anos";"3168";"3029";"3139";"3013"
"Sudeste";"25 a 29 anos";"3367";"3264";"3387";"3298"
"Sudeste";"30 a 39 anos";"6645";"6842";"6810";"6757"
"Sudeste";"40 a 49 anos";"6554";"7008";"6719";"7043"
"Sudeste";"50 a 59 anos";"5201";"5772";"5201";"5843"
"Sudeste";"60 anos ou mais";"6892";"8981";"6994";"9105"
"Sudeste";"60 a 64 anos";"2161";"2489";"2182";"2612"
"Sudeste";"65 anos ou mais";"4731";"6492";"4812";"6492"
"Sul";"0 a 4 anos";"906";"911";"924";"896"
"Sul";"5 a 13 anos";"1860";"1838";"1881";"1712"
"Sul";"5 a 9 anos";"1075";"1057";"1054";"951"
"Sul";"10 a 13 anos";"784";"781";"827";"761"
"Sul";"14 a 17 anos";"789";"770";"790";"771"
"Sul";"14 a 15 anos";"391";"378";"399";"391"
"Sul";"16 a 17 anos";"398";"392";"392";"380"
"Sul";"18 a 19 anos";"396";"388";"357";"390"
"Sul";"20 a 24 anos";"1153";"1031";"1147";"1043"
"Sul";"25 a 29 anos";"1188";"1203";"1249";"1236"
"Sul";"30 a 39 anos";"2423";"2426";"2416";"2358"
"Sul";"40 a 49 anos";"2303";"2287";"2214";"2356"
"Sul";"50 a 59 anos";"1862";"1944";"1856";"1998"
"Sul";"60 anos ou mais";"2423";"2966";"2511";"3162"
"Sul";"60 a 64 anos";"772";"908";"811";"931"
"Sul";"65 anos ou mais";"1651";"2058";"1699";"2231"
"Centro-Oeste";"0 a 4 anos";"593";"565";"556";"553"
"Centro-Oeste";"5 a 13 anos";"1131";"1111";"1112";"1079"
"Centro-Oeste";"5 a 9 anos";"631";"645";"620";"592"
"Centro-Oeste";"10 a 13 anos";"500";"467";"491";"486"
"Centro-Oeste";"14 a 17 anos";"507";"485";"525";"459"
"Centro-Oeste";"14 a 15 anos";"257";"232";"253";"229"
"Centro-Oeste";"16 a 17 anos";"250";"253";"272";"230"
"Centro-Oeste";"18 a 19 anos";"225";"240";"263";"250"
"Centro-Oeste";"20 a 24 anos";"689";"659";"660";"671"
"Centro-Oeste";"25 a 29 anos";"709";"744";"734";"662"
"Centro-Oeste";"30 a 39 anos";"1371";"1372";"1320";"1381"
"Centro-Oeste";"40 a 49 anos";"1232";"1305";"1211";"1300"
"Centro-Oeste";"50 a 59 anos";"872";"976";"974";"1024"
"Centro-Oeste";"60 anos ou mais";"979";"1184";"1078";"1306"
"Centro-Oeste";"60 a 64 anos";"343";"390";"366";"409"
"Centro-Oeste";"65 anos ou mais";"636";"794";"712";"897"
"Rondônia";"0 a 4 anos";"68";"57";"67";"52"
"Rondônia";"5 a 13 anos";"123";"103";"115";"116"
"Rondônia";"5 a 9 anos";"70";"61";"66";"74"
"Rondônia";"10 a 13 anos";"52";"42";"49";"42"
"Rondônia";"14 a 17 anos";"54";"51";"55";"57"
"Rondônia";"14 a 15 anos";"32";"26";"28";"30"
"Rondônia";"16 a 17 anos";"22";"25";"26";"27"
"Rondônia";"18 a 19 anos";"26";"24";"27";"27"
"Rondônia";"20 a 24 anos";"65";"69";"73";"64"
"Rondônia";"25 a 29 anos";"67";"76";"67";"67"
"Rondônia";"30 a 39 anos";"130";"129";"127";"142"
"Rondônia";"40 a 49 anos";"124";"125";"119";"136"
"Rondônia";"50 a 59 anos";"95";"102";"95";"100"
"Rondônia";"60 anos ou mais";"115";"131";"113";"119"
"Rondônia";"60 a 64 anos";"39";"44";"39";"41"
"Rondônia";"65 anos ou mais";"76";"87";"73";"78"
"Acre";"0 a 4 anos";"36";"34";"33";"35"
"Acre";"5 a 13 anos";"72";"69";"71";"69"
"Acre";"5 a 9 anos";"40";"37";"37";"40"
"Acre";"10 a 13 anos";"32";"32";"34";"29"
"Acre";"14 a 17 anos";"33";"27";"29";"29"
"Acre";"14 a 15 anos";"15";"12";"14";"17"
"Acre";"16 a 17 anos";"18";"15";"14";"12"
"Acre";"18 a 19 anos";"19";"18";"16";"19"
"Acre";"20 a 24 anos";"41";"38";"38";"43"
"Acre";"25 a 29 anos";"33";"37";"36";"35"
"Acre";"30 a 39 anos";"59";"64";"63";"71"
"Acre";"40 a 49 anos";"58";"59";"54";"57"
"Acre";"50 a 59 anos";"37";"40";"38";"41"
"Acre";"60 anos ou mais";"41";"46";"40";"45"
"Acre";"60 a 64 anos";"13";"15";"13";"15"
"Acre";"65 anos ou mais";"28";"31";"27";"30"
"Amazonas";"0 a 4 anos";"167";"152";"158";"174"
"Amazonas";"5 a 13 anos";"315";"295";"348";"311"
"Amazonas";"5 a 9 anos";"171";"155";"184";"177"
"Amazonas";"10 a 13 anos";"144";"140";"163";"134"
"Amazonas";"14 a 17 anos";"152";"141";"139";"136"
"Amazonas";"14 a 15 anos";"71";"62";"65";"68"
"Amazonas";"16 a 17 anos";"81";"79";"74";"68"
"Amazonas";"18 a 19 anos";"71";"75";"79";"82"
"Amazonas";"20 a 24 anos";"198";"180";"157";"173"
"Amazonas";"25 a 29 anos";"170";"187";"159";"181"
"Amazonas";"30 a 39 anos";"312";"317";"320";"321"
"Amazonas";"40 a 49 anos";"267";"281";"274";"299"
"Amazonas";"50 a 59 anos";"192";"200";"188";"202"
"Amazonas";"60 anos ou mais";"203";"242";"213";"241"
"Amazonas";"60 a 64 anos";"66";"87";"79";"71"
"Amazonas";"65 anos ou mais";"136";"155";"134";"171"
"Roraima";"0 a 4 anos";"25";"25";"28";"26"
"Roraima";"5 a 13 anos";"56";"53";"50";"47"
"Roraima";"5 a 9 anos";"33";"29";"29";"26"
"Roraima";"10 a 13 anos";"23";"24";"21";"21"
"Roraima";"14 a 17 anos";"23";"21";"22";"20"
"Roraima";"14 a 15 anos";"12";"13";"11";"9"
"Roraima";"16 a 17 anos";"12";"9";"10";"10"
"Roraima";"18 a 19 anos";"14";"15";"10";"11"
"Roraima";"20 a 24 anos";"28";"28";"29";"28"
"Roraima";"25 a 29 anos";"25";"26";"30";"28"
"Roraima";"30 a 39 anos";"48";"52";"50";"59"
"Roraima";"40 a 49 anos";"43";"42";"44";"39"
"Roraima";"50 a 59 anos";"26";"26";"29";"35"
"Roraima";"60 anos ou mais";"23";"28";"29";"33"
"Roraima";"60 a 64 anos";"8";"9";"9";"13"
"Roraima";"65 anos ou mais";"15";"18";"20";"20"
"Pará";"0 a 4 anos";"348";"319";"354";"309"
"Pará";"5 a 13 anos";"642";"617";"631";"679"
"Pará";"5 a 9 anos";"360";"337";"354";"383"
"Pará";"10 a 13 anos";"282";"280";"277";"296"
"Pará";"14 a 17 anos";"324";"317";"314";"281"
"Pará";"14 a 15 anos";"163";"151";"152";"143"
"Pará";"16 a 17 anos";"161";"166";"162";"138"
"Pará";"18 a 19 anos";"130";"154";"154";"153"
"Pará";"20 a 24 anos";"375";"394";"404";"379"
"Pará";"25 a 29 anos";"356";"339";"346";"349"
"Pará";"30 a 39 anos";"674";"692";"604";"683"
"Pará";"40 a 49 anos";"586";"581";"613";"615"
"Pará";"50 a 59 anos";"403";"413";"411";"417"
"Pará";"60 anos ou mais";"435";"512";"458";"504"
"Pará";"60 a 64 anos";"144";"168";"155";"146"
"Pará";"65 anos ou mais";"291";"344";"304";"357"
"Amapá";"0 a 4 anos";"35";"35";"25";"27"
"Amapá";"5 a 13 anos";"70";"66";"68";"56"
"Amapá";"5 a 9 anos";"39";"38";"32";"32"
"Amapá";"10 a 13 anos";"32";"28";"36";"24"
"Amapá";"14 a 17 anos";"26";"21";"27";"28"
"Amapá";"14 a 15 anos";"14";"11";"12";"14"
"Amapá";"16 a 17 anos";"12";"10";"15";"13"
"Amapá";"18 a 19 anos";"14";"11";"12";"11"
"Amapá";"20 a 24 anos";"33";"44";"38";"37"
"Amapá";"25 a 29 anos";"35";"33";"35";"37"
"Amapá";"30 a 39 anos";"60";"62";"57";"66"
"Amapá";"40 a 49 anos";"49";"50";"51";"57"
"Amapá";"50 a 59 anos";"37";"39";"43";"42"
"Amapá";"60 anos ou mais";"33";"41";"38";"44"
"Amapá";"60 a 64 anos";"8";"12";"12";"18"
"Amapá";"65 anos ou mais";"24";"29";"26";"26"
"Tocantins";"0 a 4 anos";"60";"50";"55";"57"
"Tocantins";"5 a 13 anos";"103";"97";"114";"99"
"Tocantins";"5 a 9 anos";"56";"52";"65";"53"
"Tocantins";"10 a 13 anos";"47";"45";"49";"46"
"Tocantins";"14 a 17 anos";"59";"45";"45";"44"
"Tocantins";"14 a 15 anos";"30";"21";"22";"24"
"Tocantins";"16 a 17 anos";"30";"24";"24";"20"
"Tocantins";"18 a 19 anos";"26";"22";"27";"25"
"Tocantins";"20 a 24 anos";"66";"71";"67";"73"
"Tocantins";"25 a 29 anos";"65";"69";"69";"59"
"Tocantins";"30 a 39 anos";"131";"113";"122";"118"
"Tocantins";"40 a 49 anos";"108";"106";"106";"121"
"Tocantins";"50 a 59 anos";"87";"90";"88";"79"
"Tocantins";"60 anos ou mais";"95";"94";"99";"103"
"Tocantins";"60 a 64 anos";"30";"33";"31";"31"
"Tocantins";"65 anos ou mais";"65";"61";"67";"72"
"Maranhão";"0 a 4 anos";"246";"269";"261";"244"
"Maranhão";"5 a 13 anos";"521";"525";"502";"489"
"Maranhão";"5 a 9 anos";"289";"288";"279";"275"
"Maranhão";"10 a 13 anos";"232";"236";"223";"214"
"Maranhão";"14 a 17 anos";"245";"249";"227";"235"
"Maranhão";"14 a 15 anos";"125";"125";"119";"121"
"Maranhão";"16 a 17 anos";"120";"124";"108";"114"
"Maranhão";"18 a 19 anos";"129";"112";"117";"131"
"Maranhão";"20 a 24 anos";"285";"288";"268";"291"
"Maranhão";"25 a 29 anos";"254";"272";"262";"275"
"Maranhão";"30 a 39 anos";"537";"570";"505";"551"
"Maranhão";"40 a 49 anos";"431";"467";"483";"504"
"Maranhão";"50 a 59 anos";"307";"355";"330";"367"
"Maranhão";"60 anos ou mais";"414";"489";"411";"521"
"Maranhão";"60 a 64 anos";"129";"152";"122";"158"
"Maranhão";"65 anos ou mais";"285";"337";"289";"363"
"Piauí";"0 a 4 anos";"126";"105";"105";"108"
"Piauí";"5 a 13 anos";"231";"213";"230";"209"
"Piauí";"5 a 9 anos";"134";"118";"125";"113"
"Piauí";"10 a 13 anos";"97";"95";"105";"96"
"Piauí";"14 a 17 anos";"112";"99";"106";"91"
"Piauí";"14 a 15 anos";"57";"45";"55";"51"
"Piauí";"16 a 17 anos";"56";"54";"50";"40"
"Piauí";"18 a 19 anos";"48";"56";"48";"52"
"Piauí";"20 a 24 anos";"110";"132";"137";"128"
"Piauí";"25 a 29 anos";"155";"136";"116";"105"
"Piauí";"30 a 39 anos";"257";"264";"240";"255"
"Piauí";"40 a 49 anos";"229";"237";"249";"263"
"Piauí";"50 a 59 anos";"170";"180";"191";"204"
"Piauí";"60 anos ou mais";"232";"281";"250";"296"
"Piauí";"60 a 64 anos";"68";"89";"78";"75"
"Piauí";"65 anos ou mais";"164";"192";"173";"220"
"Ceará";"0 a 4 anos";"297";"265";"301";"265"
"Ceará";"5 a 13 anos";"604";"541";"613";"554"
"Ceará";"5 a 9 anos";"325";"286";"344";"306"
"Ceará";"10 a 13 anos";"279";"255";"269";"248"
"Ceará";"14 a 17 anos";"275";"261";"283";"271"
"Ceará";"14 a 15 anos";"133";"119";"135";"133"
"Ceará";"16 a 17 anos";"142";"143";"148";"138"
"Ceará";"18 a 19 anos";"123";"127";"131";"134"
"Ceará";"20 a 24 anos";"376";"340";"340";"340"
"Ceará";"25 a 29 anos";"356";"349";"334";"384"
"Ceará";"30 a 39 anos";"683";"715";"680";"756"
"Ceará";"40 a 49 anos";"603";"700";"594";"682"
"Ceará";"50 a 59 anos";"489";"588";"488";"582"
"Ceará";"60 anos ou mais";"656";"867";"668";"852"
"Ceará";"60 a 64 anos";"226";"265";"217";"238"
"Ceará";"65 anos ou mais";"430";"602";"450";"614"
"Rio Grande do Norte";"0 a 4 anos";"90";"99";"118";"89"
"Rio Grande do Norte";"5 a 13 anos";"229";"204";"195";"199"
"Rio Grande do Norte";"5 a 9 anos";"132";"109";"116";"107"
"Rio Grande do Norte";"10 a 13 anos";"97";"95";"79";"92"
"Rio Grande do Norte";"14 a 17 anos";"93";"106";"111";"91"
"Rio Grande do Norte";"14 a 15 anos";"51";"51";"53";"41"
"Rio Grande do Norte";"16 a 17 anos";"43";"55";"57";"50"
"Rio Grande do Norte";"18 a 19 anos";"49";"43";"49";"53"
"Rio Grande do Norte";"20 a 24 anos";"125";"129";"120";"141"
"Rio Grande do Norte";"25 a 29 anos";"126";"116";"134";"126"
"Rio Grande do Norte";"30 a 39 anos";"268";"272";"251";"269"
"Rio Grande do Norte";"40 a 49 anos";"250";"292";"236";"266"
"Rio Grande do Norte";"50 a 59 anos";"188";"215";"195";"213"
"Rio Grande do Norte";"60 anos ou mais";"245";"308";"259";"341"
"Rio Grande do Norte";"60 a 64 anos";"84";"88";"82";"94"
"Rio Grande do Norte";"65 anos ou mais";"161";"220";"177";"247"
"Paraíba";"0 a 4 anos";"151";"130";"132";"145"
"Paraíba";"5 a 13 anos";"279";"247";"279";"277"
"Paraíba";"5 a 9 anos";"155";"134";"151";"141"
"Paraíba";"10 a 13 anos";"124";"112";"128";"136"
"Paraíba";"14 a 17 anos";"134";"127";"135";"120"
"Paraíba";"14 a 15 anos";"68";"63";"63";"57"
"Paraíba";"16 a 17 anos";"65";"64";"71";"63"
"Paraíba";"18 a 19 anos";"68";"50";"63";"68"
"Paraíba";"20 a 24 anos";"169";"158";"160";"154"
"Paraíba";"25 a 29 anos";"156";"160";"155";"151"
"Paraíba";"30 a 39 anos";"317";"315";"296";"323"
"Paraíba";"40 a 49 anos";"285";"318";"300";"317"
"Paraíba";"50 a 59 anos";"211";"232";"215";"251"
"Paraíba";"60 anos ou mais";"277";"337";"258";"344"
"Paraíba";"60 a 64 anos";"81";"100";"92";"101"
"Paraíba";"65 anos ou mais";"196";"237";"165";"243"
"Pernambuco";"0 a 4 anos";"285";"299";"282";"258"
"Pernambuco";"5 a 13 anos";"628";"601";"654";"615"
"Pernambuco";"5 a 9 anos";"351";"347";"345";"337"
"Pernambuco";"10 a 13 anos";"277";"254";"308";"279"
"Pernambuco";"14 a 17 anos";"293";"254";"308";"254"
"Pernambuco";"14 a 15 anos";"141";"128";"142";"117"
"Pernambuco";"16 a 17 anos";"153";"127";"166";"137"
"Pernambuco";"18 a 19 anos";"133";"140";"134";"130"
"Pernambuco";"20 a 24 anos";"354";"384";"346";"332"
"Pernambuco";"25 a 29 anos";"337";"385";"332";"327"
"Pernambuco";"30 a 39 anos";"708";"750";"692";"764"
"Pernambuco";"40 a 49 anos";"651";"721";"685";"752"
"Pernambuco";"50 a 59 anos";"501";"634";"489";"576"
"Pernambuco";"60 anos ou mais";"596";"826";"660";"914"
"Pernambuco";"60 a 64 anos";"204";"262";"207";"278"
"Pernambuco";"65 anos ou mais";"392";"564";"453";"636"
"Alagoas";"0 a 4 anos";"111";"108";"119";"106"
"Alagoas";"5 a 13 anos";"234";"226";"236";"219"
"Alagoas";"5 a 9 anos";"119";"123";"129";"120"
"Alagoas";"10 a 13 anos";"115";"102";"107";"99"
"Alagoas";"14 a 17 anos";"101";"108";"108";"95"
"Alagoas";"14 a 15 anos";"51";"52";"50";"43"
"Alagoas";"16 a 17 anos";"50";"56";"58";"52"
"Alagoas";"18 a 19 anos";"60";"51";"52";"51"
"Alagoas";"20 a 24 anos";"131";"130";"122";"126"
"Alagoas";"25 a 29 anos";"115";"135";"123";"121"
"Alagoas";"30 a 39 anos";"222";"247";"227";"257"
"Alagoas";"40 a 49 anos";"213";"241";"214";"240"
"Alagoas";"50 a 59 anos";"165";"193";"166";"184"
"Alagoas";"60 anos ou mais";"181";"240";"193";"251"
"Alagoas";"60 a 64 anos";"67";"78";"63";"80"
"Alagoas";"65 anos ou mais";"114";"161";"130";"171"
"Sergipe";"0 a 4 anos";"83";"68";"72";"66"
"Sergipe";"5 a 13 anos";"154";"165";"156";"146"
"Sergipe";"5 a 9 anos";"86";"95";"82";"78"
"Sergipe";"10 a 13 anos";"68";"69";"75";"68"
"Sergipe";"14 a 17 anos";"67";"73";"75";"67"
"Sergipe";"14 a 15 anos";"31";"30";"40";"33"
"Sergipe";"16 a 17 anos";"37";"43";"35";"34"
"Sergipe";"18 a 19 anos";"39";"32";"37";"42"
"Sergipe";"20 a 24 anos";"92";"95";"78";"81"
"Sergipe";"25 a 29 anos";"104";"100";"88";"93"
"Sergipe";"30 a 39 anos";"175";"200";"160";"197"
"Sergipe";"40 a 49 anos";"143";"165";"165";"183"
"Sergipe";"50 a 59 anos";"111";"139";"122";"137"
"Sergipe";"60 anos ou mais";"122";"163";"147";"186"
"Sergipe";"60 a 64 anos";"42";"53";"49";"61"
"Sergipe";"65 anos ou mais";"80";"110";"99";"125"
"Bahia";"0 a 4 anos";"442";"445";"432";"389"
"Bahia";"5 a 13 anos";"907";"908";"935";"920"
"Bahia";"5 a 9 anos";"499";"494";"511";"512"
"Bahia";"10 a 13 anos";"407";"413";"424";"408"
"Bahia";"14 a 17 anos";"454";"434";"428";"434"
"Bahia";"14 a 15 anos";"243";"192";"197";"209"
"Bahia";"16 a 17 anos";"211";"242";"230";"225"
"Bahia";"18 a 19 anos";"228";"225";"214";"225"
"Bahia";"20 a 24 anos";"559";"593";"578";"532"
"Bahia";"25 a 29 anos";"548";"559";"499";"611"
"Bahia";"30 a 39 anos";"1030";"1142";"1039";"1118"
"Bahia";"40 a 49 anos";"1062";"1178";"1108";"1175"
"Bahia";"50 a 59 anos";"826";"932";"819";"928"
"Bahia";"60 anos ou mais";"1057";"1298";"1121";"1343"
"Bahia";"60 a 64 anos";"330";"361";"322";"366"
"Bahia";"65 anos ou mais";"727";"938";"799";"978"
"Minas Gerais";"0 a 4 anos";"623";"647";"652";"607"
"Minas Gerais";"5 a 13 anos";"1231";"1206";"1265";"1198"
"Minas Gerais";"5 a 9 anos";"679";"683";"701";"688"
"Minas Gerais";"10 a 13 anos";"552";"523";"564";"511"
"Minas Gerais";"14 a 17 anos";"568";"562";"582";"506"
"Minas Gerais";"14 a 15 anos";"254";"291";"308";"241"
"Minas Gerais";"16 a 17 anos";"314";"271";"273";"265"
"Minas Gerais";"18 a 19 anos";"298";"289";"294";"278"
"Minas Gerais";"20 a 24 anos";"848";"795";"775";"735"
"Minas Gerais";"25 a 29 anos";"789";"843";"811";"822"
"Minas Gerais";"30 a 39 anos";"1618";"1610";"1614";"1640"
"Minas Gerais";"40 a 49 anos";"1615";"1634";"1564";"1661"
"Minas Gerais";"50 a 59 anos";"1263";"1282";"1315";"1309"
"Minas Gerais";"60 anos ou mais";"1610";"1979";"1708";"2047"
"Minas Gerais";"60 a 64 anos";"469";"542";"516";"566"
"Minas Gerais";"65 anos ou mais";"1141";"1437";"1192";"1481"
"Espírito Santo";"0 a 4 anos";"143";"120";"129";"119"
"Espírito Santo";"5 a 13 anos";"259";"252";"253";"239"
"Espírito Santo";"5 a 9 anos";"137";"149";"134";"130"
"Espírito Santo";"10 a 13 anos";"122";"102";"120";"109"
"Espírito Santo";"14 a 17 anos";"116";"114";"122";"113"
"Espírito Santo";"14 a 15 anos";"64";"59";"64";"63"
"Espírito Santo";"16 a 17 anos";"52";"55";"58";"50"
"Espírito Santo";"18 a 19 anos";"56";"56";"51";"57"
"Espírito Santo";"20 a 24 anos";"154";"141";"145";"148"
"Espírito Santo";"25 a 29 anos";"152";"145";"170";"146"
"Espírito Santo";"30 a 39 anos";"318";"338";"288";"294"
"Espírito Santo";"40 a 49 anos";"307";"295";"322";"337"
"Espírito Santo";"50 a 59 anos";"222";"239";"219";"247"
"Espírito Santo";"60 anos ou mais";"306";"365";"331";"389"
"Espírito Santo";"60 a 64 anos";"91";"110";"97";"109"
"Espírito Santo";"65 anos ou mais";"216";"255";"234";"281"
"Rio de Janeiro";"0 a 4 anos";"422";"410";"442";"437"
"Rio de Janeiro";"5 a 13 anos";"995";"940";"973";"892"
"Rio de Janeiro";"5 a 9 anos";"529";"510";"497";"467"
"Rio de Janeiro";"10 a 13 anos";"466";"430";"477";"425"
"Rio de Janeiro";"14 a 17 anos";"447";"426";"434";"417"
"Rio de Janeiro";"14 a 15 anos";"229";"198";"225";"210"
"Rio de Janeiro";"16 a 17 anos";"218";"228";"209";"207"
"Rio de Janeiro";"18 a 19 anos";"207";"219";"195";"202"
"Rio de Janeiro";"20 a 24 anos";"585";"580";"552";"521"
"Rio de Janeiro";"25 a 29 anos";"564";"624";"618";"633"
"Rio de Janeiro";"30 a 39 anos";"1182";"1243";"1248";"1247"
"Rio de Janeiro";"40 a 49 anos";"1241";"1419";"1243";"1359"
"Rio de Janeiro";"50 a 59 anos";"1038";"1213";"1055";"1205"
"Rio de Janeiro";"60 anos ou mais";"1432";"2033";"1465";"2084"
"Rio de Janeiro";"60 a 64 anos";"463";"573";"474";"587"
"Rio de Janeiro";"65 anos ou mais";"968";"1460";"991";"1497"
"São Paulo";"0 a 4 anos";"1381";"1221";"1218";"1203"
"São Paulo";"5 a 13 anos";"2701";"2443";"2595";"2527"
"São Paulo";"5 a 9 anos";"1501";"1319";"1441";"1357"
"São Paulo";"10 a 13 anos";"1200";"1124";"1154";"1171"
"São Paulo";"14 a 17 anos";"1254";"1150";"1183";"1146"
"São Paulo";"14 a 15 anos";"632";"623";"585";"540"
"São Paulo";"16 a 17 anos";"622";"527";"598";"605"
"São Paulo";"18 a 19 anos";"609";"509";"617";"545"
"São Paulo";"20 a 24 anos";"1580";"1513";"1668";"1609"
"São Paulo";"25 a 29 anos";"1862";"1653";"1788";"1697"
"São Paulo";"30 a 39 anos";"3527";"3650";"3661";"3576"
"São Paulo";"40 a 49 anos";"3391";"3660";"3590";"3686"
"São Paulo";"50 a 59 anos";"2678";"3038";"2612";"3082"
"São Paulo";"60 anos ou mais";"3545";"4604";"3490";"4584"
"São Paulo";"60 a 64 anos";"1138";"1264";"1095";"1351"
"São Paulo";"65 anos ou mais";"2407";"3340";"2395";"3233"
"Paraná";"0 a 4 anos";"371";"356";"354";"373"
"Paraná";"5 a 13 anos";"704";"743";"724";"655"
"Paraná";"5 a 9 anos";"414";"423";"403";"369"
"Paraná";"10 a 13 anos";"291";"320";"321";"286"
"Paraná";"14 a 17 anos";"300";"292";"304";"308"
"Paraná";"14 a 15 anos";"151";"136";"144";"161"
"Paraná";"16 a 17 anos";"150";"157";"160";"147"
"Paraná";"18 a 19 anos";"161";"153";"144";"150"
"Paraná";"20 a 24 anos";"459";"413";"483";"435"
"Paraná";"25 a 29 anos";"450";"470";"482";"472"
"Paraná";"30 a 39 anos";"901";"916";"910";"885"
"Paraná";"40 a 49 anos";"848";"827";"833";"911"
"Paraná";"50 a 59 anos";"704";"753";"701";"773"
"Paraná";"60 anos ou mais";"900";"1086";"865";"1115"
"Paraná";"60 a 64 anos";"264";"322";"279";"339"
"Paraná";"65 anos ou mais";"636";"764";"586";"776"
"Santa Catarina";"0 a 4 anos";"234";"231";"253";"220"
"Santa Catarina";"5 a 13 anos";"505";"445";"508";"465"
"Santa Catarina";"5 a 9 anos";"288";"265";"296";"260"
"Santa Catarina";"10 a 13 anos";"217";"181";"212";"205"
"Santa Catarina";"14 a 17 anos";"211";"197";"210";"197"
"Santa Catarina";"14 a 15 anos";"103";"96";"108";"99"
"Santa Catarina";"16 a 17 anos";"107";"100";"102";"98"
"Santa Catarina";"18 a 19 anos";"97";"100";"91";"113"
"Santa Catarina";"20 a 24 anos";"317";"284";"299";"262"
"Santa Catarina";"25 a 29 anos";"348";"338";"325";"322"
"Santa Catarina";"30 a 39 anos";"694";"655";"694";"657"
"Santa Catarina";"40 a 49 anos";"623";"605";"618";"618"
"Santa Catarina";"50 a 59 anos";"439";"469";"480";"511"
"Santa Catarina";"60 anos ou mais";"574";"679";"610";"718"
"Santa Catarina";"60 a 64 anos";"203";"227";"214";"212"
"Santa Catarina";"65 anos ou mais";"371";"452";"396";"506"
"Rio Grande do Sul";"0 a 4 anos";"301";"324";"318";"303"
"Rio Grande do Sul";"5 a 13 anos";"651";"650";"649";"592"
"Rio Grande do Sul";"5 a 9 anos";"374";"369";"355";"322"
"Rio Grande do Sul";"10 a 13 anos";"276";"280";"294";"270"
"Rio Grande do Sul";"14 a 17 anos";"278";"281";"276";"266"
"Rio Grande do Sul";"14 a 15 anos";"137";"146";"147";"131"
"Rio Grande do Sul";"16 a 17 anos";"141";"135";"129";"135"
"Rio Grande do Sul";"18 a 19 anos";"138";"135";"122";"127"
"Rio Grande do Sul";"20 a 24 anos";"377";"334";"364";"346"
"Rio Grande do Sul";"25 a 29 anos";"390";"395";"441";"442"
"Rio Grande do Sul";"30 a 39 anos";"828";"855";"812";"815"
"Rio Grande do Sul";"40 a 49 anos";"832";"855";"762";"828"
"Rio Grande do Sul";"50 a 59 anos";"719";"722";"675";"714"
"Rio Grande do Sul";"60 anos ou mais";"950";"1201";"1035";"1329"
"Rio Grande do Sul";"60 a 64 anos";"306";"359";"318";"380"
"Rio Grande do Sul";"65 anos ou mais";"644";"842";"717";"949"
"Mato Grosso do Sul";"0 a 4 anos";"101";"102";"90";"91"
"Mato Grosso do Sul";"5 a 13 anos";"197";"194";"200";"186"
"Mato Grosso do Sul";"5 a 9 anos";"107";"114";"114";"104"
"Mato Grosso do Sul";"10 a 13 anos";"91";"80";"86";"83"
"Mato Grosso do Sul";"14 a 17 anos";"87";"92";"81";"81"
"Mato Grosso do Sul";"14 a 15 anos";"46";"41";"40";"42"
"Mato Grosso do Sul";"16 a 17 anos";"41";"51";"41";"39"
"Mato Grosso do Sul";"18 a 19 anos";"40";"40";"43";"38"
"Mato Grosso do Sul";"20 a 24 anos";"109";"111";"101";"102"
"Mato Grosso do Sul";"25 a 29 anos";"105";"101";"117";"112"
"Mato Grosso do Sul";"30 a 39 anos";"217";"239";"199";"218"
"Mato Grosso do Sul";"40 a 49 anos";"194";"207";"218";"206"
"Mato Grosso do Sul";"50 a 59 anos";"151";"157";"166";"175"
"Mato Grosso do Sul";"60 anos ou mais";"173";"211";"198";"229"
"Mato Grosso do Sul";"60 a 64 anos";"60";"70";"69";"70"
"Mato Grosso do Sul";"65 anos ou mais";"113";"141";"129";"159"
"Mato Grosso";"0 a 4 anos";"145";"138";"157";"153"
"Mato Grosso";"5 a 13 anos";"262";"265";"271";"247"
"Mato Grosso";"5 a 9 anos";"148";"152";"151";"139"
"Mato Grosso";"10 a 13 anos";"113";"113";"120";"108"
"Mato Grosso";"14 a 17 anos";"120";"111";"117";"110"
"Mato Grosso";"14 a 15 anos";"58";"54";"62";"52"
"Mato Grosso";"16 a 17 anos";"61";"57";"55";"58"
"Mato Grosso";"18 a 19 anos";"51";"52";"56";"56"
"Mato Grosso";"20 a 24 anos";"148";"165";"140";"154"
"Mato Grosso";"25 a 29 anos";"158";"189";"189";"145"
"Mato Grosso";"30 a 39 anos";"319";"301";"310";"323"
"Mato Grosso";"40 a 49 anos";"290";"284";"264";"282"
"Mato Grosso";"50 a 59 anos";"194";"202";"204";"198"
"Mato Grosso";"60 anos ou mais";"184";"210";"228";"241"
"Mato Grosso";"60 a 64 anos";"64";"75";"73";"72"
"Mato Grosso";"65 anos ou mais";"121";"135";"155";"169"
"Goiás";"0 a 4 anos";"258";"239";"228";"228"
"Goiás";"5 a 13 anos";"484";"471";"464";"472"
"Goiás";"5 a 9 anos";"271";"272";"258";"258"
"Goiás";"10 a 13 anos";"213";"199";"205";"215"
"Goiás";"14 a 17 anos";"210";"189";"216";"188"
"Goiás";"14 a 15 anos";"105";"90";"99";"94"
"Goiás";"16 a 17 anos";"105";"99";"117";"93"
"Goiás";"18 a 19 anos";"96";"107";"117";"106"
"Goiás";"20 a 24 anos";"309";"269";"292";"303"
"Goiás";"25 a 29 anos";"309";"332";"299";"292"
"Goiás";"30 a 39 anos";"624";"590";"582";"613"
"Goiás";"40 a 49 anos";"519";"562";"512";"553"
"Goiás";"50 a 59 anos";"370";"428";"436";"449"
"Goiás";"60 anos ou mais";"450";"534";"476";"596"
"Goiás";"60 a 64 anos";"158";"181";"164";"199"
"Goiás";"65 anos ou mais";"292";"353";"312";"397"
"Distrito Federal";"0 a 4 anos";"89";"85";"81";"81"
"Distrito Federal";"5 a 13 anos";"188";"182";"177";"173"
"Distrito Federal";"5 a 9 anos";"106";"107";"98";"92"
"Distrito Federal";"10 a 13 anos";"83";"75";"79";"81"
"Distrito Federal";"14 a 17 anos";"91";"93";"111";"80"
"Distrito Federal";"14 a 15 anos";"48";"48";"53";"41"
"Distrito Federal";"16 a 17 anos";"43";"46";"59";"39"
"Distrito Federal";"18 a 19 anos";"38";"41";"47";"50"
"Distrito Federal";"20 a 24 anos";"124";"115";"127";"111"
"Distrito Federal";"25 a 29 anos";"137";"121";"129";"114"
"Distrito Federal";"30 a 39 anos";"211";"243";"228";"226"
"Distrito Federal";"40 a 49 anos";"229";"252";"216";"259"
"Distrito Federal";"50 a 59 anos";"156";"188";"168";"202"
"Distrito Federal";"60 anos ou mais";"171";"228";"177";"239"
"Distrito Federal";"60 a 64 anos";"61";"63";"61";"68"
"Distrito Federal";"65 anos ou mais";"111";"165";"116";"171"
"Porto Velho (RO)";"0 a 4 anos";"15";"13";"16";"12"
"Porto Velho (RO)";"5 a 13 anos";"34";"26";"36";"38"
"Porto Velho (RO)";"5 a 9 anos";"19";"17";"20";"22"
"Porto Velho (RO)";"10 a 13 anos";"15";"9";"16";"16"
"Porto Velho (RO)";"14 a 17 anos";"20";"12";"13";"16"
"Porto Velho (RO)";"14 a 15 anos";"12";"5";"6";"10"
"Porto Velho (RO)";"16 a 17 anos";"8";"7";"7";"7"
"Porto Velho (RO)";"18 a 19 anos";"7";"9";"8";"7"
"Porto Velho (RO)";"20 a 24 anos";"18";"21";"23";"19"
"Porto Velho (RO)";"25 a 29 anos";"22";"24";"20";"16"
"Porto Velho (RO)";"30 a 39 anos";"42";"38";"40";"45"
"Porto Velho (RO)";"40 a 49 anos";"38";"37";"38";"45"
"Porto Velho (RO)";"50 a 59 anos";"26";"33";"25";"32"
"Porto Velho (RO)";"60 anos ou mais";"34";"46";"32";"36"
"Porto Velho (RO)";"60 a 64 anos";"13";"16";"13";"14"
"Porto Velho (RO)";"65 anos ou mais";"20";"30";"19";"22"
"Rio Branco (AC)";"0 a 4 anos";"14";"14";"15";"14"
"Rio Branco (AC)";"5 a 13 anos";"26";"30";"28";"29"
"Rio Branco (AC)";"5 a 9 anos";"15";"16";"15";"16"
"Rio Branco (AC)";"10 a 13 anos";"12";"14";"12";"13"
"Rio Branco (AC)";"14 a 17 anos";"14";"11";"11";"12"
"Rio Branco (AC)";"14 a 15 anos";"6";"5";"5";"7"
"Rio Branco (AC)";"16 a 17 anos";"8";"6";"6";"5"
"Rio Branco (AC)";"18 a 19 anos";"8";"8";"6";"7"
"Rio Branco (AC)";"20 a 24 anos";"18";"17";"17";"20"
"Rio Branco (AC)";"25 a 29 anos";"17";"17";"16";"16"
"Rio Branco (AC)";"30 a 39 anos";"25";"30";"28";"34"
"Rio Branco (AC)";"40 a 49 anos";"26";"29";"26";"29"
"Rio Branco (AC)";"50 a 59 anos";"16";"21";"18";"23"
"Rio Branco (AC)";"60 anos ou mais";"19";"26";"18";"22"
"Rio Branco (AC)";"60 a 64 anos";"6";"8";"6";"7"
"Rio Branco (AC)";"65 anos ou mais";"14";"18";"12";"15"
"Manaus (AM)";"0 a 4 anos";"87";"68";"67";"86"
"Manaus (AM)";"5 a 13 anos";"150";"152";"180";"152"
"Manaus (AM)";"5 a 9 anos";"77";"76";"95";"87"
"Manaus (AM)";"10 a 13 anos";"73";"76";"85";"65"
"Manaus (AM)";"14 a 17 anos";"72";"68";"73";"67"
"Manaus (AM)";"14 a 15 anos";"32";"30";"34";"33"
"Manaus (AM)";"16 a 17 anos";"41";"38";"39";"34"
"Manaus (AM)";"18 a 19 anos";"35";"38";"40";"43"
"Manaus (AM)";"20 a 24 anos";"101";"98";"88";"91"
"Manaus (AM)";"25 a 29 anos";"92";"112";"89";"101"
"Manaus (AM)";"30 a 39 anos";"187";"191";"190";"196"
"Manaus (AM)";"40 a 49 anos";"150";"166";"158";"182"
"Manaus (AM)";"50 a 59 anos";"114";"132";"107";"127"
"Manaus (AM)";"60 anos ou mais";"112";"156";"112";"154"
"Manaus (AM)";"60 a 64 anos";"38";"63";"46";"46"
"Manaus (AM)";"65 anos ou mais";"75";"93";"66";"108"
"Boa Vista (RR)";"0 a 4 anos";"19";"17";"19";"18"
"Boa Vista (RR)";"5 a 13 anos";"41";"39";"34";"34"
"Boa Vista (RR)";"5 a 9 anos";"24";"21";"20";"18"
"Boa Vista (RR)";"10 a 13 anos";"17";"18";"14";"16"
"Boa Vista (RR)";"14 a 17 anos";"17";"15";"16";"13"
"Boa Vista (RR)";"14 a 15 anos";"9";"9";"9";"6"
"Boa Vista (RR)";"16 a 17 anos";"8";"6";"8";"7"
"Boa Vista (RR)";"18 a 19 anos";"11";"12";"8";"8"
"Boa Vista (RR)";"20 a 24 anos";"22";"22";"22";"21"
"Boa Vista (RR)";"25 a 29 anos";"18";"20";"24";"22"
"Boa Vista (RR)";"30 a 39 anos";"37";"42";"40";"46"
"Boa Vista (RR)";"40 a 49 anos";"31";"33";"33";"30"
"Boa Vista (RR)";"50 a 59 anos";"17";"19";"21";"28"
"Boa Vista (RR)";"60 anos ou mais";"13";"20";"19";"25"
"Boa Vista (RR)";"60 a 64 anos";"5";"7";"6";"10"
"Boa Vista (RR)";"65 anos ou mais";"9";"13";"14";"15"
"Belém (PA)";"0 a 4 anos";"33";"29";"33";"31"
"Belém (PA)";"5 a 13 anos";"70";"76";"90";"79"
"Belém (PA)";"5 a 9 anos";"36";"41";"51";"43"
"Belém (PA)";"10 a 13 anos";"34";"35";"39";"36"
"Belém (PA)";"14 a 17 anos";"48";"39";"47";"28"
"Belém (PA)";"14 a 15 anos";"25";"17";"22";"13"
"Belém (PA)";"16 a 17 anos";"23";"22";"25";"16"
"Belém (PA)";"18 a 19 anos";"22";"24";"21";"20"
"Belém (PA)";"20 a 24 anos";"58";"55";"58";"47"
"Belém (PA)";"25 a 29 anos";"48";"44";"61";"53"
"Belém (PA)";"30 a 39 anos";"96";"103";"91";"107"
"Belém (PA)";"40 a 49 anos";"94";"126";"102";"126"
"Belém (PA)";"50 a 59 anos";"95";"104";"89";"91"
"Belém (PA)";"60 anos ou mais";"87";"146";"80";"144"
"Belém (PA)";"60 a 64 anos";"33";"46";"33";"40"
"Belém (PA)";"65 anos ou mais";"54";"100";"47";"103"
"Macapá (AP)";"0 a 4 anos";"21";"21";"12";"17"
"Macapá (AP)";"5 a 13 anos";"39";"37";"36";"34"
"Macapá (AP)";"5 a 9 anos";"21";"23";"17";"20"
"Macapá (AP)";"10 a 13 anos";"17";"15";"19";"14"
"Macapá (AP)";"14 a 17 anos";"13";"14";"14";"16"
"Macapá (AP)";"14 a 15 anos";"7";"7";"6";"9"
"Macapá (AP)";"16 a 17 anos";"6";"7";"8";"8"
"Macapá (AP)";"18 a 19 anos";"10";"8";"9";"6"
"Macapá (AP)";"20 a 24 anos";"21";"28";"23";"22"
"Macapá (AP)";"25 a 29 anos";"23";"20";"23";"25"
"Macapá (AP)";"30 a 39 anos";"36";"37";"39";"42"
"Macapá (AP)";"40 a 49 anos";"31";"33";"30";"35"
"Macapá (AP)";"50 a 59 anos";"24";"27";"27";"29"
"Macapá (AP)";"60 anos ou mais";"20";"25";"22";"28"
"Macapá (AP)";"60 a 64 anos";"6";"9";"8";"11"
"Macapá (AP)";"65 anos ou mais";"14";"17";"13";"17"
"Palmas (TO)";"0 a 4 anos";"13";"7";"12";"12"
"Palmas (TO)";"5 a 13 anos";"16";"17";"21";"19"
"Palmas (TO)";"5 a 9 anos";"9";"9";"13";"9"
"Palmas (TO)";"10 a 13 anos";"7";"7";"8";"10"
"Palmas (TO)";"14 a 17 anos";"12";"8";"9";"9"
"Palmas (TO)";"14 a 15 anos";"6";"4";"4";"5"
"Palmas (TO)";"16 a 17 anos";"7";"5";"5";"4"
"Palmas (TO)";"18 a 19 anos";"9";"6";"8";"6"
"Palmas (TO)";"20 a 24 anos";"17";"18";"18";"19"
"Palmas (TO)";"25 a 29 anos";"14";"19";"17";"13"
"Palmas (TO)";"30 a 39 anos";"32";"24";"30";"31"
"Palmas (TO)";"40 a 49 anos";"22";"25";"19";"27"
"Palmas (TO)";"50 a 59 anos";"18";"18";"16";"12"
"Palmas (TO)";"60 anos ou mais";"13";"16";"16";"15"
"Palmas (TO)";"60 a 64 anos";"5";"6";"5";"5"
"Palmas (TO)";"65 anos ou mais";"8";"10";"11";"10"
"São Luís (MA)";"0 a 4 anos";"32";"34";"31";"34"
"São Luís (MA)";"5 a 13 anos";"66";"67";"63";"61"
"São Luís (MA)";"5 a 9 anos";"37";"35";"35";"38"
"São Luís (MA)";"10 a 13 anos";"29";"31";"28";"23"
"São Luís (MA)";"14 a 17 anos";"31";"35";"32";"33"
"São Luís (MA)";"14 a 15 anos";"15";"16";"18";"17"
"São Luís (MA)";"16 a 17 anos";"16";"20";"14";"16"
"São Luís (MA)";"18 a 19 anos";"19";"20";"15";"24"
"São Luís (MA)";"20 a 24 anos";"48";"48";"48";"54"
"São Luís (MA)";"25 a 29 anos";"44";"46";"38";"44"
"São Luís (MA)";"30 a 39 anos";"95";"96";"76";"97"
"São Luís (MA)";"40 a 49 anos";"63";"83";"81";"86"
"São Luís (MA)";"50 a 59 anos";"49";"68";"46";"68"
"São Luís (MA)";"60 anos ou mais";"62";"83";"61";"96"
"São Luís (MA)";"60 a 64 anos";"23";"27";"18";"32"
"São Luís (MA)";"65 anos ou mais";"38";"56";"43";"64"
"Teresina (PI)";"0 a 4 anos";"27";"26";"27";"23"
"Teresina (PI)";"5 a 13 anos";"49";"53";"62";"54"
"Teresina (PI)";"5 a 9 anos";"26";"26";"32";"30"
"Teresina (PI)";"10 a 13 anos";"24";"27";"30";"24"
"Teresina (PI)";"14 a 17 anos";"25";"32";"26";"23"
"Teresina (PI)";"14 a 15 anos";"10";"13";"15";"12"
"Teresina (PI)";"16 a 17 anos";"14";"19";"11";"10"
"Teresina (PI)";"18 a 19 anos";"9";"16";"9";"15"
"Teresina (PI)";"20 a 24 anos";"29";"32";"31";"33"
"Teresina (PI)";"25 a 29 anos";"39";"35";"34";"34"
"Teresina (PI)";"30 a 39 anos";"65";"77";"65";"66"
"Teresina (PI)";"40 a 49 anos";"58";"73";"71";"83"
"Teresina (PI)";"50 a 59 anos";"49";"58";"49";"62"
"Teresina (PI)";"60 anos ou mais";"62";"89";"56";"82"
"Teresina (PI)";"60 a 64 anos";"19";"28";"21";"22"
"Teresina (PI)";"65 anos ou mais";"43";"61";"36";"60"
"Fortaleza (CE)";"0 a 4 anos";"70";"68";"77";"58"
"Fortaleza (CE)";"5 a 13 anos";"142";"126";"133";"140"
"Fortaleza (CE)";"5 a 9 anos";"67";"63";"68";"80"
"Fortaleza (CE)";"10 a 13 anos";"75";"63";"66";"60"
"Fortaleza (CE)";"14 a 17 anos";"74";"57";"72";"71"
"Fortaleza (CE)";"14 a 15 anos";"32";"29";"41";"31"
"Fortaleza (CE)";"16 a 17 anos";"42";"28";"31";"40"
"Fortaleza (CE)";"18 a 19 anos";"32";"27";"41";"33"
"Fortaleza (CE)";"20 a 24 anos";"122";"91";"89";"90"
"Fortaleza (CE)";"25 a 29 anos";"91";"101";"103";"122"
"Fortaleza (CE)";"30 a 39 anos";"176";"195";"186";"210"
"Fortaleza (CE)";"40 a 49 anos";"160";"213";"176";"202"
"Fortaleza (CE)";"50 a 59 anos";"138";"193";"145";"185"
"Fortaleza (CE)";"60 anos ou mais";"200";"299";"170";"276"
"Fortaleza (CE)";"60 a 64 anos";"70";"90";"54";"83"
"Fortaleza (CE)";"65 anos ou mais";"129";"210";"116";"193"
"Natal (RN)";"0 a 4 anos";"17";"18";"20";"16"
"Natal (RN)";"5 a 13 anos";"52";"37";"41";"43"
"Natal (RN)";"5 a 9 anos";"29";"22";"23";"21"
"Natal (RN)";"10 a 13 anos";"23";"16";"18";"21"
"Natal (RN)";"14 a 17 anos";"22";"28";"19";"19"
"Natal (RN)";"14 a 15 anos";"8";"14";"8";"12"
"Natal (RN)";"16 a 17 anos";"14";"14";"10";"7"
"Natal (RN)";"18 a 19 anos";"7";"11";"9";"10"
"Natal (RN)";"20 a 24 anos";"31";"28";"25";"28"
"Natal (RN)";"25 a 29 anos";"22";"25";"29";"28"
"Natal (RN)";"30 a 39 anos";"67";"60";"51";"55"
"Natal (RN)";"40 a 49 anos";"59";"75";"57";"64"
"Natal (RN)";"50 a 59 anos";"38";"48";"45";"59"
"Natal (RN)";"60 anos ou mais";"61";"81";"67";"99"
"Natal (RN)";"60 a 64 anos";"25";"22";"25";"24"
"Natal (RN)";"65 anos ou mais";"37";"59";"42";"76"
"João Pessoa (PB)";"0 a 4 anos";"23";"24";"25";"31"
"João Pessoa (PB)";"5 a 13 anos";"55";"54";"62";"54"
"João Pessoa (PB)";"5 a 9 anos";"33";"29";"37";"28"
"João Pessoa (PB)";"10 a 13 anos";"23";"25";"25";"27"
"João Pessoa (PB)";"14 a 17 anos";"27";"25";"26";"22"
"João Pessoa (PB)";"14 a 15 anos";"10";"12";"9";"9"
"João Pessoa (PB)";"16 a 17 anos";"17";"13";"16";"13"
"João Pessoa (PB)";"18 a 19 anos";"13";"9";"13";"14"
"João Pessoa (PB)";"20 a 24 anos";"31";"30";"34";"37"
"João Pessoa (PB)";"25 a 29 anos";"32";"33";"32";"37"
"João Pessoa (PB)";"30 a 39 anos";"80";"75";"69";"75"
"João Pessoa (PB)";"40 a 49 anos";"61";"75";"65";"71"
"João Pessoa (PB)";"50 a 59 anos";"46";"53";"39";"55"
"João Pessoa (PB)";"60 anos ou mais";"56";"85";"56";"80"
"João Pessoa (PB)";"60 a 64 anos";"17";"22";"23";"24"
"João Pessoa (PB)";"65 anos ou mais";"39";"63";"34";"55"
"Recife (PE)";"0 a 4 anos";"36";"37";"42";"31"
"Recife (PE)";"5 a 13 anos";"95";"96";"109";"90"
"Recife (PE)";"5 a 9 anos";"56";"56";"58";"49"
"Recife (PE)";"10 a 13 anos";"39";"40";"51";"40"
"Recife (PE)";"14 a 17 anos";"42";"41";"47";"27"
"Recife (PE)";"14 a 15 anos";"14";"20";"28";"13"
"Recife (PE)";"16 a 17 anos";"28";"22";"19";"14"
"Recife (PE)";"18 a 19 anos";"18";"23";"22";"18"
"Recife (PE)";"20 a 24 anos";"63";"58";"49";"47"
"Recife (PE)";"25 a 29 anos";"44";"73";"56";"56"
"Recife (PE)";"30 a 39 anos";"132";"120";"132";"127"
"Recife (PE)";"40 a 49 anos";"107";"130";"116";"137"
"Recife (PE)";"50 a 59 anos";"89";"123";"81";"110"
"Recife (PE)";"60 anos ou mais";"103";"160";"103";"187"
"Recife (PE)";"60 a 64 anos";"35";"45";"33";"49"
"Recife (PE)";"65 anos ou mais";"68";"115";"70";"138"
"Maceió (AL)";"0 a 4 anos";"28";"29";"35";"27"
"Maceió (AL)";"5 a 13 anos";"61";"65";"62";"66"
"Maceió (AL)";"5 a 9 anos";"32";"38";"34";"33"
"Maceió (AL)";"10 a 13 anos";"29";"27";"28";"32"
"Maceió (AL)";"14 a 17 anos";"28";"28";"29";"25"
"Maceió (AL)";"14 a 15 anos";"14";"17";"14";"11"
"Maceió (AL)";"16 a 17 anos";"14";"11";"15";"15"
"Maceió (AL)";"18 a 19 anos";"17";"17";"17";"15"
"Maceió (AL)";"20 a 24 anos";"37";"41";"39";"36"
"Maceió (AL)";"25 a 29 anos";"38";"38";"47";"38"
"Maceió (AL)";"30 a 39 anos";"69";"80";"72";"78"
"Maceió (AL)";"40 a 49 anos";"70";"84";"67";"78"
"Maceió (AL)";"50 a 59 anos";"59";"73";"53";"67"
"Maceió (AL)";"60 anos ou mais";"52";"81";"59";"85"
"Maceió (AL)";"60 a 64 anos";"22";"27";"19";"29"
"Maceió (AL)";"65 anos ou mais";"30";"54";"41";"56"
"Aracaju (SE)";"0 a 4 anos";"19";"19";"15";"15"
"Aracaju (SE)";"5 a 13 anos";"38";"37";"37";"36"
"Aracaju (SE)";"5 a 9 anos";"22";"20";"19";"18"
"Aracaju (SE)";"10 a 13 anos";"16";"17";"19";"18"
"Aracaju (SE)";"14 a 17 anos";"14";"16";"19";"17"
"Aracaju (SE)";"14 a 15 anos";"6";"5";"12";"8"
"Aracaju (SE)";"16 a 17 anos";"8";"11";"8";"8"
"Aracaju (SE)";"18 a 19 anos";"9";"7";"9";"11"
"Aracaju (SE)";"20 a 24 anos";"27";"23";"21";"23"
"Aracaju (SE)";"25 a 29 anos";"26";"28";"25";"20"
"Aracaju (SE)";"30 a 39 anos";"48";"56";"42";"59"
"Aracaju (SE)";"40 a 49 anos";"47";"49";"47";"60"
"Aracaju (SE)";"50 a 59 anos";"31";"45";"34";"41"
"Aracaju (SE)";"60 anos ou mais";"33";"56";"40";"62"
"Aracaju (SE)";"60 a 64 anos";"13";"15";"16";"17"
"Aracaju (SE)";"65 anos ou mais";"20";"41";"24";"44"
"Salvador (BA)";"0 a 4 anos";"60";"63";"45";"50"
"Salvador (BA)";"5 a 13 anos";"136";"121";"115";"161"
"Salvador (BA)";"5 a 9 anos";"73";"67";"61";"77"
"Salvador (BA)";"10 a 13 anos";"63";"54";"53";"83"
"Salvador (BA)";"14 a 17 anos";"71";"70";"58";"55"
"Salvador (BA)";"14 a 15 anos";"33";"27";"29";"27"
"Salvador (BA)";"16 a 17 anos";"39";"43";"29";"29"
"Salvador (BA)";"18 a 19 anos";"35";"29";"28";"35"
"Salvador (BA)";"20 a 24 anos";"99";"105";"108";"99"
"Salvador (BA)";"25 a 29 anos";"105";"81";"79";"113"
"Salvador (BA)";"30 a 39 anos";"158";"202";"177";"196"
"Salvador (BA)";"40 a 49 anos";"200";"233";"199";"229"
"Salvador (BA)";"50 a 59 anos";"143";"210";"136";"207"
"Salvador (BA)";"60 anos ou mais";"168";"278";"198";"274"
"Salvador (BA)";"60 a 64 anos";"57";"81";"66";"71"
"Salvador (BA)";"65 anos ou mais";"111";"197";"132";"203"
"Belo Horizonte (MG)";"0 a 4 anos";"65";"65";"53";"59"
"Belo Horizonte (MG)";"5 a 13 anos";"136";"102";"123";"123"
"Belo Horizonte (MG)";"5 a 9 anos";"76";"61";"67";"70"
"Belo Horizonte (MG)";"10 a 13 anos";"60";"41";"56";"53"
"Belo Horizonte (MG)";"14 a 17 anos";"57";"59";"62";"47"
"Belo Horizonte (MG)";"14 a 15 anos";"24";"36";"38";"19"
"Belo Horizonte (MG)";"16 a 17 anos";"33";"23";"24";"28"
"Belo Horizonte (MG)";"18 a 19 anos";"27";"25";"28";"39"
"Belo Horizonte (MG)";"20 a 24 anos";"87";"100";"84";"73"
"Belo Horizonte (MG)";"25 a 29 anos";"98";"107";"100";"87"
"Belo Horizonte (MG)";"30 a 39 anos";"186";"197";"189";"199"
"Belo Horizonte (MG)";"40 a 49 anos";"169";"194";"194";"212"
"Belo Horizonte (MG)";"50 a 59 anos";"127";"175";"137";"147"
"Belo Horizonte (MG)";"60 anos ou mais";"175";"267";"190";"271"
"Belo Horizonte (MG)";"60 a 64 anos";"54";"66";"59";"71"
"Belo Horizonte (MG)";"65 anos ou mais";"122";"202";"131";"200"
"Vitória (ES)";"0 a 4 anos";"11";"8";"7";"9"
"Vitória (ES)";"5 a 13 anos";"19";"16";"21";"16"
"Vitória (ES)";"5 a 9 anos";"11";"8";"11";"9"
"Vitória (ES)";"10 a 13 anos";"8";"8";"10";"7"
"Vitória (ES)";"14 a 17 anos";"7";"8";"7";"9"
"Vitória (ES)";"14 a 15 anos";"4";"3";"5";"5"
"Vitória (ES)";"16 a 17 anos";"3";"5";"2";"4"
"Vitória (ES)";"18 a 19 anos";"5";"5";"4";"4"
"Vitória (ES)";"20 a 24 anos";"12";"12";"12";"14"
"Vitória (ES)";"25 a 29 anos";"9";"15";"13";"15"
"Vitória (ES)";"30 a 39 anos";"29";"24";"26";"28"
"Vitória (ES)";"40 a 49 anos";"21";"28";"23";"30"
"Vitória (ES)";"50 a 59 anos";"17";"23";"15";"20"
"Vitória (ES)";"60 anos ou mais";"32";"44";"28";"42"
"Vitória (ES)";"60 a 64 anos";"12";"13";"6";"12"
"Vitória (ES)";"65 anos ou mais";"20";"32";"21";"30"
"Rio de Janeiro (RJ)";"0 a 4 anos";"141";"138";"162";"154"
"Rio de Janeiro (RJ)";"5 a 13 anos";"366";"331";"350";"303"
"Rio de Janeiro (RJ)";"5 a 9 anos";"187";"181";"171";"158"
"Rio de Janeiro (RJ)";"10 a 13 anos";"179";"151";"179";"145"
"Rio de Janeiro (RJ)";"14 a 17 anos";"163";"170";"147";"153"
"Rio de Janeiro (RJ)";"14 a 15 anos";"90";"82";"79";"68"
"Rio de Janeiro (RJ)";"16 a 17 anos";"73";"89";"68";"86"
"Rio de Janeiro (RJ)";"18 a 19 anos";"69";"70";"75";"73"
"Rio de Janeiro (RJ)";"20 a 24 anos";"220";"199";"224";"199"
"Rio de Janeiro (RJ)";"25 a 29 anos";"220";"258";"240";"239"
"Rio de Janeiro (RJ)";"30 a 39 anos";"476";"485";"471";"479"
"Rio de Janeiro (RJ)";"40 a 49 anos";"490";"593";"497";"567"
"Rio de Janeiro (RJ)";"50 a 59 anos";"419";"473";"420";"482"
"Rio de Janeiro (RJ)";"60 anos ou mais";"583";"863";"606";"890"
"Rio de Janeiro (RJ)";"60 a 64 anos";"192";"222";"192";"231"
"Rio de Janeiro (RJ)";"65 anos ou mais";"392";"641";"415";"659"
"São Paulo (SP)";"0 a 4 anos";"312";"253";"286";"241"
"São Paulo (SP)";"5 a 13 anos";"637";"577";"642";"673"
"São Paulo (SP)";"5 a 9 anos";"361";"304";"336";"344"
"São Paulo (SP)";"10 a 13 anos";"276";"273";"306";"329"
"São Paulo (SP)";"14 a 17 anos";"330";"331";"310";"272"
"São Paulo (SP)";"14 a 15 anos";"163";"177";"132";"114"
"São Paulo (SP)";"16 a 17 anos";"167";"154";"178";"158"
"São Paulo (SP)";"18 a 19 anos";"190";"113";"129";"151"
"São Paulo (SP)";"20 a 24 anos";"403";"403";"422";"438"
"São Paulo (SP)";"25 a 29 anos";"464";"455";"517";"426"
"São Paulo (SP)";"30 a 39 anos";"899";"940";"979";"880"
"São Paulo (SP)";"40 a 49 anos";"887";"961";"959";"994"
"São Paulo (SP)";"50 a 59 anos";"704";"817";"704";"829"
"São Paulo (SP)";"60 anos ou mais";"892";"1326";"801";"1247"
"São Paulo (SP)";"60 a 64 anos";"295";"343";"245";"344"
"São Paulo (SP)";"65 anos ou mais";"597";"983";"556";"903"
"Curitiba (PR)";"0 a 4 anos";"38";"50";"40";"34"
"Curitiba (PR)";"5 a 13 anos";"83";"100";"96";"97"
"Curitiba (PR)";"5 a 9 anos";"47";"60";"50";"46"
"Curitiba (PR)";"10 a 13 anos";"36";"40";"47";"50"
"Curitiba (PR)";"14 a 17 anos";"45";"46";"50";"42"
"Curitiba (PR)";"14 a 15 anos";"25";"18";"19";"26"
"Curitiba (PR)";"16 a 17 anos";"20";"28";"31";"16"
"Curitiba (PR)";"18 a 19 anos";"21";"21";"26";"29"
"Curitiba (PR)";"20 a 24 anos";"80";"59";"66";"63"
"Curitiba (PR)";"25 a 29 anos";"71";"67";"72";"65"
"Curitiba (PR)";"30 a 39 anos";"150";"145";"145";"136"
"Curitiba (PR)";"40 a 49 anos";"140";"154";"144";"169"
"Curitiba (PR)";"50 a 59 anos";"109";"127";"100";"127"
"Curitiba (PR)";"60 anos ou mais";"136";"187";"136";"194"
"Curitiba (PR)";"60 a 64 anos";"35";"51";"47";"54"
"Curitiba (PR)";"65 anos ou mais";"101";"136";"88";"140"
"Florianópolis (SC)";"0 a 4 anos";"10";"10";"11";"7"
"Florianópolis (SC)";"5 a 13 anos";"27";"24";"26";"23"
"Florianópolis (SC)";"5 a 9 anos";"16";"12";"18";"15"
"Florianópolis (SC)";"10 a 13 anos";"11";"11";"9";"8"
"Florianópolis (SC)";"14 a 17 anos";"11";"10";"12";"11"
"Florianópolis (SC)";"14 a 15 anos";"6";"3";"6";"5"
"Florianópolis (SC)";"16 a 17 anos";"5";"7";"6";"6"
"Florianópolis (SC)";"18 a 19 anos";"5";"7";"8";"7"
"Florianópolis (SC)";"20 a 24 anos";"26";"21";"23";"17"
"Florianópolis (SC)";"25 a 29 anos";"31";"23";"29";"26"
"Florianópolis (SC)";"30 a 39 anos";"51";"48";"49";"54"
"Florianópolis (SC)";"40 a 49 anos";"43";"45";"51";"45"
"Florianópolis (SC)";"50 a 59 anos";"29";"32";"38";"41"
"Florianópolis (SC)";"60 anos ou mais";"57";"65";"49";"61"
"Florianópolis (SC)";"60 a 64 anos";"15";"21";"19";"18"
"Florianópolis (SC)";"65 anos ou mais";"42";"44";"30";"43"
"Porto Alegre (RS)";"0 a 4 anos";"29";"33";"34";"28"
"Porto Alegre (RS)";"5 a 13 anos";"73";"66";"62";"62"
"Porto Alegre (RS)";"5 a 9 anos";"38";"34";"31";"30"
"Porto Alegre (RS)";"10 a 13 anos";"35";"32";"31";"32"
"Porto Alegre (RS)";"14 a 17 anos";"23";"32";"33";"29"
"Porto Alegre (RS)";"14 a 15 anos";"13";"20";"18";"15"
"Porto Alegre (RS)";"16 a 17 anos";"10";"12";"15";"15"
"Porto Alegre (RS)";"18 a 19 anos";"16";"18";"14";"11"
"Porto Alegre (RS)";"20 a 24 anos";"50";"50";"49";"51"
"Porto Alegre (RS)";"25 a 29 anos";"56";"52";"62";"52"
"Porto Alegre (RS)";"30 a 39 anos";"102";"91";"99";"95"
"Porto Alegre (RS)";"40 a 49 anos";"105";"117";"102";"110"
"Porto Alegre (RS)";"50 a 59 anos";"76";"88";"77";"95"
"Porto Alegre (RS)";"60 anos ou mais";"128";"186";"135";"189"
"Porto Alegre (RS)";"60 a 64 anos";"35";"50";"37";"52"
"Porto Alegre (RS)";"65 anos ou mais";"93";"136";"99";"137"
"Campo Grande (MS)";"0 a 4 anos";"37";"36";"27";"27"
"Campo Grande (MS)";"5 a 13 anos";"64";"69";"68";"58"
"Campo Grande (MS)";"5 a 9 anos";"35";"38";"40";"33"
"Campo Grande (MS)";"10 a 13 anos";"29";"31";"28";"25"
"Campo Grande (MS)";"14 a 17 anos";"26";"30";"26";"27"
"Campo Grande (MS)";"14 a 15 anos";"15";"11";"13";"15"
"Campo Grande (MS)";"16 a 17 anos";"10";"19";"13";"12"
"Campo Grande (MS)";"18 a 19 anos";"12";"15";"13";"14"
"Campo Grande (MS)";"20 a 24 anos";"34";"35";"37";"35"
"Campo Grande (MS)";"25 a 29 anos";"35";"37";"44";"34"
"Campo Grande (MS)";"30 a 39 anos";"70";"82";"67";"76"
"Campo Grande (MS)";"40 a 49 anos";"69";"73";"76";"78"
"Campo Grande (MS)";"50 a 59 anos";"46";"53";"56";"61"
"Campo Grande (MS)";"60 anos ou mais";"56";"77";"60";"79"
"Campo Grande (MS)";"60 a 64 anos";"20";"26";"22";"22"
"Campo Grande (MS)";"65 anos ou mais";"36";"51";"38";"57"
"Cuiabá (MT)";"0 a 4 anos";"25";"24";"24";"29"
"Cuiabá (MT)";"5 a 13 anos";"35";"37";"37";"45"
"Cuiabá (MT)";"5 a 9 anos";"21";"21";"21";"22"
"Cuiabá (MT)";"10 a 13 anos";"14";"17";"16";"23"
"Cuiabá (MT)";"14 a 17 anos";"16";"25";"18";"18"
"Cuiabá (MT)";"14 a 15 anos";"6";"11";"11";"9"
"Cuiabá (MT)";"16 a 17 anos";"10";"14";"7";"9"
"Cuiabá (MT)";"18 a 19 anos";"9";"13";"8";"11"
"Cuiabá (MT)";"20 a 24 anos";"33";"33";"24";"27"
"Cuiabá (MT)";"25 a 29 anos";"23";"22";"29";"23"
"Cuiabá (MT)";"30 a 39 anos";"54";"48";"57";"55"
"Cuiabá (MT)";"40 a 49 anos";"53";"52";"51";"55"
"Cuiabá (MT)";"50 a 59 anos";"36";"46";"39";"38"
"Cuiabá (MT)";"60 anos ou mais";"45";"57";"45";"61"
"Cuiabá (MT)";"60 a 64 anos";"12";"16";"13";"16"
"Cuiabá (MT)";"65 anos ou mais";"32";"41";"31";"45"
"Goiânia (GO)";"0 a 4 anos";"48";"36";"37";"33"
"Goiânia (GO)";"5 a 13 anos";"93";"83";"70";"77"
"Goiânia (GO)";"5 a 9 anos";"53";"47";"34";"42"
"Goiânia (GO)";"10 a 13 anos";"40";"36";"35";"34"
"Goiânia (GO)";"14 a 17 anos";"37";"31";"34";"40"
"Goiânia (GO)";"14 a 15 anos";"17";"16";"15";"20"
"Goiânia (GO)";"16 a 17 anos";"20";"14";"18";"20"
"Goiânia (GO)";"18 a 19 anos";"16";"24";"17";"19"
"Goiânia (GO)";"20 a 24 anos";"69";"56";"59";"60"
"Goiânia (GO)";"25 a 29 anos";"79";"76";"72";"66"
"Goiânia (GO)";"30 a 39 anos";"127";"126";"126";"131"
"Goiânia (GO)";"40 a 49 anos";"102";"114";"104";"102"
"Goiânia (GO)";"50 a 59 anos";"78";"89";"98";"109"
"Goiânia (GO)";"60 anos ou mais";"80";"131";"98";"151"
"Goiânia (GO)";"60 a 64 anos";"24";"43";"33";"44"
"Goiânia (GO)";"65 anos ou mais";"56";"89";"65";"107"
"Brasília (DF)";"0 a 4 anos";"89";"85";"81";"81"
"Brasília (DF)";"5 a 13 anos";"188";"182";"177";"173"
"Brasília (DF)";"5 a 9 anos";"106";"107";"98";"92"
"Brasília (DF)";"10 a 13 anos";"83";"75";"79";"81"
"Brasília (DF)";"14 a 17 anos";"91";"93";"111";"80"
"Brasília (DF)";"14 a 15 anos";"48";"48";"53";"41"
"Brasília (DF)";"16 a 17 anos";"43";"46";"59";"39"
"Brasília (DF)";"18 a 19 anos";"38";"41";"47";"50"
"Brasília (DF)";"20 a 24 anos";"124";"115";"127";"111"
"Brasília (DF)";"25 a 29 anos";"137";"121";"129";"114"
"Brasília (DF)";"30 a 39 anos";"211";"243";"228";"226"
"Brasília (DF)";"40 a 49 anos";"229";"252";"216";"259"
"Brasília (DF)";"50 a 59 anos";"156";"188";"168";"202"
"Brasília (DF)";"60 anos ou mais";"171";"228";"177";"239"
"Brasília (DF)";"60 a 64 anos";"61";"63";"61";"68"
"Brasília (DF)";"65 anos ou mais";"111";"165";"116";"171"
"Manaus (AM)";"0 a 4 anos";"103";"82";"85";"103"
"Manaus (AM)";"5 a 13 anos";"182";"176";"216";"185"
"Manaus (AM)";"5 a 9 anos";"96";"91";"113";"106"
"Manaus (AM)";"10 a 13 anos";"86";"86";"102";"79"
"Manaus (AM)";"14 a 17 anos";"87";"82";"86";"77"
"Manaus (AM)";"14 a 15 anos";"39";"35";"41";"37"
"Manaus (AM)";"16 a 17 anos";"48";"46";"46";"40"
"Manaus (AM)";"18 a 19 anos";"41";"46";"47";"52"
"Manaus (AM)";"20 a 24 anos";"124";"116";"101";"106"
"Manaus (AM)";"25 a 29 anos";"108";"127";"102";"116"
"Manaus (AM)";"30 a 39 anos";"210";"216";"214";"224"
"Manaus (AM)";"40 a 49 anos";"182";"189";"183";"208"
"Manaus (AM)";"50 a 59 anos";"129";"149";"127";"145"
"Manaus (AM)";"60 anos ou mais";"137";"176";"137";"177"
"Manaus (AM)";"60 a 64 anos";"49";"68";"51";"53"
"Manaus (AM)";"65 anos ou mais";"88";"108";"86";"124"
"Belém (PA)";"0 a 4 anos";"64";"61";"55";"53"
"Belém (PA)";"5 a 13 anos";"121";"122";"143";"122"
"Belém (PA)";"5 a 9 anos";"66";"61";"81";"65"
"Belém (PA)";"10 a 13 anos";"55";"62";"62";"57"
"Belém (PA)";"14 a 17 anos";"71";"68";"66";"51"
"Belém (PA)";"14 a 15 anos";"36";"30";"30";"26"
"Belém (PA)";"16 a 17 anos";"35";"38";"36";"25"
"Belém (PA)";"18 a 19 anos";"34";"39";"30";"38"
"Belém (PA)";"20 a 24 anos";"91";"96";"94";"83"
"Belém (PA)";"25 a 29 anos";"75";"81";"87";"81"
"Belém (PA)";"30 a 39 anos";"163";"166";"145";"167"
"Belém (PA)";"40 a 49 anos";"152";"189";"160";"195"
"Belém (PA)";"50 a 59 anos";"136";"150";"132";"150"
"Belém (PA)";"60 anos ou mais";"121";"194";"146";"199"
"Belém (PA)";"60 a 64 anos";"45";"62";"56";"58"
"Belém (PA)";"65 anos ou mais";"76";"132";"90";"141"
"Macapá (AP)";"0 a 4 anos";"26";"25";"19";"20"
"Macapá (AP)";"5 a 13 anos";"50";"45";"46";"44"
"Macapá (AP)";"5 a 9 anos";"27";"27";"22";"26"
"Macapá (AP)";"10 a 13 anos";"23";"18";"24";"19"
"Macapá (AP)";"14 a 17 anos";"19";"16";"20";"21"
"Macapá (AP)";"14 a 15 anos";"9";"8";"9";"10"
"Macapá (AP)";"16 a 17 anos";"9";"8";"11";"10"
"Macapá (AP)";"18 a 19 anos";"11";"10";"10";"9"
"Macapá (AP)";"20 a 24 anos";"28";"34";"29";"29"
"Macapá (AP)";"25 a 29 anos";"27";"26";"27";"30"
"Macapá (AP)";"30 a 39 anos";"46";"45";"44";"51"
"Macapá (AP)";"40 a 49 anos";"38";"41";"39";"43"
"Macapá (AP)";"50 a 59 anos";"28";"32";"33";"34"
"Macapá (AP)";"60 anos ou mais";"25";"34";"26";"33"
"Macapá (AP)";"60 a 64 anos";"7";"11";"10";"13"
"Macapá (AP)";"65 anos ou mais";"18";"23";"16";"20"
"Grande São Luís (MA)";"0 a 4 anos";"46";"52";"57";"48"
"Grande São Luís (MA)";"5 a 13 anos";"106";"103";"91";"88"
"Grande São Luís (MA)";"5 a 9 anos";"58";"56";"48";"56"
"Grande São Luís (MA)";"10 a 13 anos";"49";"47";"43";"31"
"Grande São Luís (MA)";"14 a 17 anos";"43";"50";"40";"42"
"Grande São Luís (MA)";"14 a 15 anos";"22";"24";"22";"21"
"Grande São Luís (MA)";"16 a 17 anos";"21";"26";"19";"22"
"Grande São Luís (MA)";"18 a 19 anos";"27";"28";"21";"35"
"Grande São Luís (MA)";"20 a 24 anos";"69";"69";"71";"68"
"Grande São Luís (MA)";"25 a 29 anos";"56";"60";"55";"58"
"Grande São Luís (MA)";"30 a 39 anos";"134";"140";"114";"138"
"Grande São Luís (MA)";"40 a 49 anos";"90";"115";"112";"129"
"Grande São Luís (MA)";"50 a 59 anos";"70";"94";"73";"100"
"Grande São Luís (MA)";"60 anos ou mais";"86";"109";"83";"129"
"Grande São Luís (MA)";"60 a 64 anos";"30";"35";"27";"41"
"Grande São Luís (MA)";"65 anos ou mais";"56";"74";"56";"88"
"Fortaleza (CE)";"0 a 4 anos";"123";"102";"131";"106"
"Fortaleza (CE)";"5 a 13 anos";"232";"203";"237";"229"
"Fortaleza (CE)";"5 a 9 anos";"119";"101";"128";"126"
"Fortaleza (CE)";"10 a 13 anos";"113";"102";"109";"104"
"Fortaleza (CE)";"14 a 17 anos";"119";"108";"119";"106"
"Fortaleza (CE)";"14 a 15 anos";"52";"45";"62";"49"
"Fortaleza (CE)";"16 a 17 anos";"67";"63";"57";"57"
"Fortaleza (CE)";"18 a 19 anos";"50";"40";"64";"51"
"Fortaleza (CE)";"20 a 24 anos";"169";"143";"144";"144"
"Fortaleza (CE)";"25 a 29 anos";"140";"153";"144";"177"
"Fortaleza (CE)";"30 a 39 anos";"287";"292";"294";"343"
"Fortaleza (CE)";"40 a 49 anos";"257";"324";"269";"310"
"Fortaleza (CE)";"50 a 59 anos";"207";"296";"219";"277"
"Fortaleza (CE)";"60 anos ou mais";"298";"432";"254";"375"
"Fortaleza (CE)";"60 a 64 anos";"100";"129";"82";"111"
"Fortaleza (CE)";"65 anos ou mais";"197";"303";"172";"264"
"Natal (RN)";"0 a 4 anos";"38";"37";"55";"29"
"Natal (RN)";"5 a 13 anos";"105";"91";"90";"82"
"Natal (RN)";"5 a 9 anos";"62";"52";"50";"44"
"Natal (RN)";"10 a 13 anos";"44";"39";"40";"38"
"Natal (RN)";"14 a 17 anos";"43";"46";"40";"36"
"Natal (RN)";"14 a 15 anos";"22";"25";"17";"20"
"Natal (RN)";"16 a 17 anos";"21";"21";"23";"16"
"Natal (RN)";"18 a 19 anos";"17";"18";"22";"22"
"Natal (RN)";"20 a 24 anos";"60";"59";"52";"62"
"Natal (RN)";"25 a 29 anos";"51";"48";"57";"57"
"Natal (RN)";"30 a 39 anos";"126";"121";"112";"123"
"Natal (RN)";"40 a 49 anos";"115";"142";"115";"126"
"Natal (RN)";"50 a 59 anos";"77";"93";"84";"105"
"Natal (RN)";"60 anos ou mais";"108";"138";"114";"157"
"Natal (RN)";"60 a 64 anos";"39";"40";"38";"42"
"Natal (RN)";"65 anos ou mais";"69";"98";"76";"116"
"João Pessoa (PB)";"0 a 4 anos";"45";"36";"40";"49"
"João Pessoa (PB)";"5 a 13 anos";"98";"91";"106";"88"
"João Pessoa (PB)";"5 a 9 anos";"59";"51";"63";"42"
"João Pessoa (PB)";"10 a 13 anos";"38";"41";"43";"46"
"João Pessoa (PB)";"14 a 17 anos";"42";"38";"43";"38"
"João Pessoa (PB)";"14 a 15 anos";"16";"18";"17";"16"
"João Pessoa (PB)";"16 a 17 anos";"27";"20";"25";"22"
"João Pessoa (PB)";"18 a 19 anos";"21";"14";"19";"24"
"João Pessoa (PB)";"20 a 24 anos";"57";"50";"54";"59"
"João Pessoa (PB)";"25 a 29 anos";"53";"56";"49";"54"
"João Pessoa (PB)";"30 a 39 anos";"121";"118";"103";"117"
"João Pessoa (PB)";"40 a 49 anos";"100";"113";"105";"112"
"João Pessoa (PB)";"50 a 59 anos";"76";"86";"76";"89"
"João Pessoa (PB)";"60 anos ou mais";"88";"116";"89";"119"
"João Pessoa (PB)";"60 a 64 anos";"29";"31";"36";"36"
"João Pessoa (PB)";"65 anos ou mais";"59";"84";"53";"83"
"Recife (PE)";"0 a 4 anos";"115";"99";"117";"97"
"Recife (PE)";"5 a 13 anos";"248";"245";"287";"237"
"Recife (PE)";"5 a 9 anos";"136";"139";"143";"140"
"Recife (PE)";"10 a 13 anos";"112";"106";"144";"98"
"Recife (PE)";"14 a 17 anos";"110";"103";"107";"95"
"Recife (PE)";"14 a 15 anos";"46";"52";"54";"42"
"Recife (PE)";"16 a 17 anos";"64";"52";"53";"53"
"Recife (PE)";"18 a 19 anos";"37";"52";"55";"46"
"Recife (PE)";"20 a 24 anos";"143";"156";"130";"140"
"Recife (PE)";"25 a 29 anos";"132";"158";"140";"136"
"Recife (PE)";"30 a 39 anos";"294";"311";"306";"322"
"Recife (PE)";"40 a 49 anos";"279";"327";"281";"343"
"Recife (PE)";"50 a 59 anos";"227";"307";"206";"254"
"Recife (PE)";"60 anos ou mais";"244";"367";"261";"401"
"Recife (PE)";"60 a 64 anos";"87";"112";"81";"121"
"Recife (PE)";"65 anos ou mais";"157";"255";"180";"280"
"Maceió (AL)";"0 a 4 anos";"38";"38";"44";"38"
"Maceió (AL)";"5 a 13 anos";"90";"90";"86";"88"
"Maceió (AL)";"5 a 9 anos";"45";"52";"46";"47"
"Maceió (AL)";"10 a 13 anos";"46";"38";"40";"40"
"Maceió (AL)";"14 a 17 anos";"37";"39";"37";"33"
"Maceió (AL)";"14 a 15 anos";"18";"22";"18";"15"
"Maceió (AL)";"16 a 17 anos";"19";"17";"19";"18"
"Maceió (AL)";"18 a 19 anos";"20";"21";"21";"22"
"Maceió (AL)";"20 a 24 anos";"48";"50";"49";"48"
"Maceió (AL)";"25 a 29 anos";"47";"52";"55";"47"
"Maceió (AL)";"30 a 39 anos";"87";"104";"93";"105"
"Maceió (AL)";"40 a 49 anos";"89";"107";"89";"97"
"Maceió (AL)";"50 a 59 anos";"71";"86";"69";"83"
"Maceió (AL)";"60 anos ou mais";"68";"101";"76";"105"
"Maceió (AL)";"60 a 64 anos";"28";"35";"26";"35"
"Maceió (AL)";"65 anos ou mais";"40";"66";"50";"69"
"Aracaju (SE)";"0 a 4 anos";"35";"29";"25";"25"
"Aracaju (SE)";"5 a 13 anos";"64";"68";"63";"58"
"Aracaju (SE)";"5 a 9 anos";"39";"38";"30";"28"
"Aracaju (SE)";"10 a 13 anos";"25";"30";"33";"30"
"Aracaju (SE)";"14 a 17 anos";"25";"29";"29";"28"
"Aracaju (SE)";"14 a 15 anos";"12";"14";"17";"15"
"Aracaju (SE)";"16 a 17 anos";"13";"15";"12";"14"
"Aracaju (SE)";"18 a 19 anos";"17";"12";"14";"17"
"Aracaju (SE)";"20 a 24 anos";"39";"41";"30";"32"
"Aracaju (SE)";"25 a 29 anos";"38";"46";"36";"38"
"Aracaju (SE)";"30 a 39 anos";"83";"90";"70";"91"
"Aracaju (SE)";"40 a 49 anos";"64";"70";"77";"90"
"Aracaju (SE)";"50 a 59 anos";"46";"64";"47";"62"
"Aracaju (SE)";"60 anos ou mais";"43";"74";"60";"88"
"Aracaju (SE)";"60 a 64 anos";"17";"21";"22";"26"
"Aracaju (SE)";"65 anos ou mais";"26";"53";"38";"62"
"Salvador (BA)";"0 a 4 anos";"100";"81";"81";"74"
"Salvador (BA)";"5 a 13 anos";"194";"182";"182";"236"
"Salvador (BA)";"5 a 9 anos";"107";"106";"95";"123"
"Salvador (BA)";"10 a 13 anos";"87";"76";"87";"113"
"Salvador (BA)";"14 a 17 anos";"104";"96";"91";"100"
"Salvador (BA)";"14 a 15 anos";"52";"40";"38";"44"
"Salvador (BA)";"16 a 17 anos";"51";"56";"53";"56"
"Salvador (BA)";"18 a 19 anos";"47";"44";"43";"51"
"Salvador (BA)";"20 a 24 anos";"150";"154";"147";"130"
"Salvador (BA)";"25 a 29 anos";"142";"126";"114";"164"
"Salvador (BA)";"30 a 39 anos";"240";"300";"246";"286"
"Salvador (BA)";"40 a 49 anos";"277";"321";"285";"314"
"Salvador (BA)";"50 a 59 anos";"195";"280";"193";"278"
"Salvador (BA)";"60 anos ou mais";"243";"350";"263";"346"
"Salvador (BA)";"60 a 64 anos";"81";"107";"86";"100"
"Salvador (BA)";"65 anos ou mais";"162";"243";"177";"246"
"Belo Horizonte (MG)";"0 a 4 anos";"155";"155";"162";"149"
"Belo Horizonte (MG)";"5 a 13 anos";"332";"261";"299";"262"
"Belo Horizonte (MG)";"5 a 9 anos";"181";"156";"168";"146"
"Belo Horizonte (MG)";"10 a 13 anos";"151";"104";"132";"116"
"Belo Horizonte (MG)";"14 a 17 anos";"149";"139";"133";"104"
"Belo Horizonte (MG)";"14 a 15 anos";"64";"76";"76";"46"
"Belo Horizonte (MG)";"16 a 17 anos";"85";"63";"57";"59"
"Belo Horizonte (MG)";"18 a 19 anos";"74";"67";"66";"76"
"Belo Horizonte (MG)";"20 a 24 anos";"217";"189";"198";"176"
"Belo Horizonte (MG)";"25 a 29 anos";"201";"206";"227";"207"
"Belo Horizonte (MG)";"30 a 39 anos";"433";"427";"438";"450"
"Belo Horizonte (MG)";"40 a 49 anos";"411";"428";"424";"466"
"Belo Horizonte (MG)";"50 a 59 anos";"301";"368";"312";"326"
"Belo Horizonte (MG)";"60 anos ou mais";"358";"493";"387";"519"
"Belo Horizonte (MG)";"60 a 64 anos";"112";"126";"126";"147"
"Belo Horizonte (MG)";"65 anos ou mais";"245";"367";"261";"372"
"Grande Vitória (ES)";"0 a 4 anos";"68";"55";"60";"57"
"Grande Vitória (ES)";"5 a 13 anos";"129";"116";"123";"122"
"Grande Vitória (ES)";"5 a 9 anos";"71";"66";"65";"64"
"Grande Vitória (ES)";"10 a 13 anos";"58";"50";"58";"59"
"Grande Vitória (ES)";"14 a 17 anos";"54";"56";"65";"57"
"Grande Vitória (ES)";"14 a 15 anos";"31";"27";"36";"32"
"Grande Vitória (ES)";"16 a 17 anos";"23";"28";"29";"26"
"Grande Vitória (ES)";"18 a 19 anos";"27";"30";"27";"28"
"Grande Vitória (ES)";"20 a 24 anos";"79";"63";"75";"81"
"Grande Vitória (ES)";"25 a 29 anos";"71";"75";"87";"77"
"Grande Vitória (ES)";"30 a 39 anos";"168";"179";"149";"151"
"Grande Vitória (ES)";"40 a 49 anos";"151";"147";"153";"180"
"Grande Vitória (ES)";"50 a 59 anos";"105";"118";"103";"117"
"Grande Vitória (ES)";"60 anos ou mais";"148";"185";"144";"183"
"Grande Vitória (ES)";"60 a 64 anos";"46";"54";"45";"51"
"Grande Vitória (ES)";"65 anos ou mais";"103";"130";"98";"132"
"Rio de Janeiro (RJ)";"0 a 4 anos";"294";"286";"322";"297"
"Rio de Janeiro (RJ)";"5 a 13 anos";"694";"668";"684";"612"
"Rio de Janeiro (RJ)";"5 a 9 anos";"365";"356";"344";"315"
"Rio de Janeiro (RJ)";"10 a 13 anos";"329";"311";"341";"298"
"Rio de Janeiro (RJ)";"14 a 17 anos";"320";"320";"312";"304"
"Rio de Janeiro (RJ)";"14 a 15 anos";"163";"158";"153";"154"
"Rio de Janeiro (RJ)";"16 a 17 anos";"157";"162";"159";"149"
"Rio de Janeiro (RJ)";"18 a 19 anos";"142";"156";"152";"145"
"Rio de Janeiro (RJ)";"20 a 24 anos";"425";"412";"399";"370"
"Rio de Janeiro (RJ)";"25 a 29 anos";"408";"452";"430";"459"
"Rio de Janeiro (RJ)";"30 a 39 anos";"871";"907";"929";"921"
"Rio de Janeiro (RJ)";"40 a 49 anos";"899";"1047";"911";"983"
"Rio de Janeiro (RJ)";"50 a 59 anos";"757";"904";"763";"872"
"Rio de Janeiro (RJ)";"60 anos ou mais";"1031";"1531";"1082";"1578"
"Rio de Janeiro (RJ)";"60 a 64 anos";"334";"415";"353";"458"
"Rio de Janeiro (RJ)";"65 anos ou mais";"697";"1116";"729";"1120"
"São Paulo (SP)";"0 a 4 anos";"603";"517";"546";"524"
"São Paulo (SP)";"5 a 13 anos";"1223";"1138";"1213";"1202"
"São Paulo (SP)";"5 a 9 anos";"669";"609";"671";"629"
"São Paulo (SP)";"10 a 13 anos";"555";"529";"543";"573"
"São Paulo (SP)";"14 a 17 anos";"612";"605";"595";"593"
"São Paulo (SP)";"14 a 15 anos";"297";"329";"270";"259"
"São Paulo (SP)";"16 a 17 anos";"315";"276";"325";"334"
"São Paulo (SP)";"18 a 19 anos";"316";"217";"276";"269"
"São Paulo (SP)";"20 a 24 anos";"757";"738";"831";"757"
"São Paulo (SP)";"25 a 29 anos";"846";"822";"886";"824"
"São Paulo (SP)";"30 a 39 anos";"1642";"1666";"1709";"1683"
"São Paulo (SP)";"40 a 49 anos";"1592";"1752";"1686";"1787"
"São Paulo (SP)";"50 a 59 anos";"1238";"1493";"1191";"1437"
"São Paulo (SP)";"60 anos ou mais";"1579";"2160";"1448";"2098"
"São Paulo (SP)";"60 a 64 anos";"534";"602";"471";"604"
"São Paulo (SP)";"65 anos ou mais";"1045";"1558";"977";"1494"
"Curitiba (PR)";"0 a 4 anos";"86";"100";"87";"99"
"Curitiba (PR)";"5 a 13 anos";"184";"222";"217";"208"
"Curitiba (PR)";"5 a 9 anos";"103";"130";"117";"113"
"Curitiba (PR)";"10 a 13 anos";"80";"93";"100";"94"
"Curitiba (PR)";"14 a 17 anos";"92";"100";"101";"90"
"Curitiba (PR)";"14 a 15 anos";"51";"43";"49";"55"
"Curitiba (PR)";"16 a 17 anos";"41";"56";"52";"35"
"Curitiba (PR)";"18 a 19 anos";"47";"47";"50";"53"
"Curitiba (PR)";"20 a 24 anos";"150";"141";"149";"129"
"Curitiba (PR)";"25 a 29 anos";"161";"145";"148";"159"
"Curitiba (PR)";"30 a 39 anos";"301";"279";"304";"274"
"Curitiba (PR)";"40 a 49 anos";"268";"286";"269";"309"
"Curitiba (PR)";"50 a 59 anos";"207";"236";"206";"248"
"Curitiba (PR)";"60 anos ou mais";"264";"327";"239";"326"
"Curitiba (PR)";"60 a 64 anos";"79";"94";"83";"97"
"Curitiba (PR)";"65 anos ou mais";"185";"233";"155";"229"
"Florianópolis (SC)";"0 a 4 anos";"25";"32";"29";"26"
"Florianópolis (SC)";"5 a 13 anos";"68";"59";"70";"73"
"Florianópolis (SC)";"5 a 9 anos";"40";"35";"40";"41"
"Florianópolis (SC)";"10 a 13 anos";"28";"23";"30";"31"
"Florianópolis (SC)";"14 a 17 anos";"27";"24";"30";"29"
"Florianópolis (SC)";"14 a 15 anos";"13";"11";"18";"11"
"Florianópolis (SC)";"16 a 17 anos";"14";"13";"12";"18"
"Florianópolis (SC)";"18 a 19 anos";"16";"17";"13";"14"
"Florianópolis (SC)";"20 a 24 anos";"52";"50";"46";"43"
"Florianópolis (SC)";"25 a 29 anos";"67";"61";"51";"56"
"Florianópolis (SC)";"30 a 39 anos";"114";"102";"113";"117"
"Florianópolis (SC)";"40 a 49 anos";"89";"95";"103";"97"
"Florianópolis (SC)";"50 a 59 anos";"66";"70";"79";"87"
"Florianópolis (SC)";"60 anos ou mais";"103";"131";"98";"121"
"Florianópolis (SC)";"60 a 64 anos";"30";"49";"40";"35"
"Florianópolis (SC)";"65 anos ou mais";"73";"82";"58";"86"
"Porto Alegre (RS)";"0 a 4 anos";"106";"110";"115";"106"
"Porto Alegre (RS)";"5 a 13 anos";"222";"220";"220";"224"
"Porto Alegre (RS)";"5 a 9 anos";"128";"120";"106";"116"
"Porto Alegre (RS)";"10 a 13 anos";"95";"100";"114";"108"
"Porto Alegre (RS)";"14 a 17 anos";"99";"102";"106";"113"
"Porto Alegre (RS)";"14 a 15 anos";"49";"59";"54";"54"
"Porto Alegre (RS)";"16 a 17 anos";"50";"43";"52";"58"
"Porto Alegre (RS)";"18 a 19 anos";"44";"60";"46";"40"
"Porto Alegre (RS)";"20 a 24 anos";"136";"141";"166";"140"
"Porto Alegre (RS)";"25 a 29 anos";"146";"135";"162";"149"
"Porto Alegre (RS)";"30 a 39 anos";"310";"322";"283";"298"
"Porto Alegre (RS)";"40 a 49 anos";"330";"329";"281";"331"
"Porto Alegre (RS)";"50 a 59 anos";"236";"262";"247";"260"
"Porto Alegre (RS)";"60 anos ou mais";"338";"459";"340";"483"
"Porto Alegre (RS)";"60 a 64 anos";"104";"141";"101";"137"
"Porto Alegre (RS)";"65 anos ou mais";"235";"318";"238";"345"
"Vale do Rio Cuiabá (MT)";"0 a 4 anos";"38";"39";"38";"39"
"Vale do Rio Cuiabá (MT)";"5 a 13 anos";"55";"68";"60";"72"
"Vale do Rio Cuiabá (MT)";"5 a 9 anos";"33";"37";"34";"38"
"Vale do Rio Cuiabá (MT)";"10 a 13 anos";"23";"30";"26";"34"
"Vale do Rio Cuiabá (MT)";"14 a 17 anos";"25";"35";"28";"26"
"Vale do Rio Cuiabá (MT)";"14 a 15 anos";"10";"18";"14";"14"
"Vale do Rio Cuiabá (MT)";"16 a 17 anos";"14";"17";"14";"13"
"Vale do Rio Cuiabá (MT)";"18 a 19 anos";"13";"17";"14";"18"
"Vale do Rio Cuiabá (MT)";"20 a 24 anos";"48";"50";"37";"40"
"Vale do Rio Cuiabá (MT)";"25 a 29 anos";"36";"38";"43";"33"
"Vale do Rio Cuiabá (MT)";"30 a 39 anos";"79";"76";"83";"82"
"Vale do Rio Cuiabá (MT)";"40 a 49 anos";"82";"81";"77";"83"
"Vale do Rio Cuiabá (MT)";"50 a 59 anos";"54";"63";"61";"58"
"Vale do Rio Cuiabá (MT)";"60 anos ou mais";"56";"73";"63";"84"
"Vale do Rio Cuiabá (MT)";"60 a 64 anos";"16";"20";"20";"23"
"Vale do Rio Cuiabá (MT)";"65 anos ou mais";"40";"53";"43";"61"
"Goiânia (GO)";"0 a 4 anos";"83";"82";"73";"75"
"Goiânia (GO)";"5 a 13 anos";"183";"168";"150";"158"
"Goiânia (GO)";"5 a 9 anos";"108";"97";"79";"87"
"Goiânia (GO)";"10 a 13 anos";"75";"71";"70";"70"
"Goiânia (GO)";"14 a 17 anos";"74";"60";"67";"80"
"Goiânia (GO)";"14 a 15 anos";"38";"29";"29";"41"
"Goiânia (GO)";"16 a 17 anos";"37";"31";"38";"39"
"Goiânia (GO)";"18 a 19 anos";"37";"43";"42";"34"
"Goiânia (GO)";"20 a 24 anos";"113";"105";"114";"103"
"Goiânia (GO)";"25 a 29 anos";"128";"135";"126";"106"
"Goiânia (GO)";"30 a 39 anos";"232";"233";"236";"251"
"Goiânia (GO)";"40 a 49 anos";"192";"200";"191";"187"
"Goiânia (GO)";"50 a 59 anos";"133";"168";"166";"171"
"Goiânia (GO)";"60 anos ou mais";"146";"201";"169";"248"
"Goiânia (GO)";"60 a 64 anos";"51";"63";"57";"82"
"Goiânia (GO)";"65 anos ou mais";"95";"138";"111";"166"
"Fonte: IBGE. Pesquisa Nacional por Amostra de Domicílios Contínua, acumulado de primeiras visitas, exceto 2020-2021, acumulado de quintas visitas, devido à pandemia de Covid-19."

"Notas"
"A partir de 2025, as estimativas deste tema passaram a ser divulgadas com base na nova ponderação da pesquisa, conforme a Nota Técnica 02/2025. Consequentemente, a série histórica dos indicadores foi atualizada."
""
"Legenda"
"Símbolo";"Significado"
"-";"Zero absoluto, não resultante de um cálculo ou arredondamento.
Ex: Em determinado município não existem pessoas de 14 anos de idade sem instrução."
"0";"Zero resultante de um cálculo ou arredondamento.
Ex: A inflação do feijão em determinada Região Metropolitana foi 0.
Determinado município produziu 400 kg de sementes de girassol e os dados da tabela são expressos em toneladas."
"X";"Valor inibido para não identificar o informante.
Ex: Determinado município só possui uma empresa produtora de cimento, logo o valor de sua produção deve ser inibido."
"..";"Valor não se aplica.
Ex: Não se pode obter o total da produção agrícola em determinado município quando os produtos agrícolas são contabilizados com unidades de medida distintas."
"...";"Valor não disponível.
Ex: A produção de feijão em determinado município não foi pesquisada ou determinado município não existia no ano da pesquisa."
"A a Z
(exceto X)";"Significa uma faixa de valores. Varia em função da tabela (se for o caso).
Ex: O nível de precisão da produção estimada de combustíveis está na faixa A (95 a 100%)"
